datetime,Global_active_power,Sub_metering_1,Sub_metering_2,Sub_metering_3
2006-12-16,3.053475,0.0,546.0,4926.0
2006-12-17,2.354486,2033.0,4187.0,13341.0
2006-12-18,1.5304347,1063.0,2621.0,14018.0
2006-12-19,1.1570791,839.0,7602.0,6197.0
2006-12-20,1.5456583,0.0,2648.0,14063.0
2006-12-21,1.1924403,1765.0,2623.0,10421.0
2006-12-22,1.6259291,3151.0,350.0,11131.0
2006-12-23,3.3148515,2669.0,425.0,14726.0
2006-12-24,1.7708416,1703.0,5082.0,6891.0
2006-12-25,1.9049445,6620.0,1962.0,5795.0
2006-12-26,2.7320209,1086.0,2533.0,14979.0
2006-12-27,1.061639,0.0,314.0,6976.0
2006-12-28,1.4393319,2207.0,4419.0,9176.0
2006-12-29,2.204439,1252.0,5162.0,11329.0
2006-12-30,1.9460666,3147.0,7938.0,12515.0
2006-12-31,2.426525,0.0,347.0,6502.0
2007-01-01,1.9090304,0.0,352.0,5880.0
2007-01-02,0.8814139,0.0,348.0,6562.0
2007-01-03,0.7042042,0.0,344.0,4765.0
2007-01-04,2.2634807,1051.0,7597.0,10896.0
2007-01-05,1.8842806,1483.0,379.0,7602.0
2007-01-06,1.0474848,1336.0,402.0,5678.0
2007-01-07,1.6997362,1987.0,8177.0,12810.0
2007-01-08,1.5565001,0.0,467.0,17547.0
2007-01-09,1.2979541,1688.0,4267.0,9790.0
2007-01-10,1.4963889,771.0,4456.0,11012.0
2007-01-11,1.566107,1378.0,2170.0,12415.0
2007-01-12,1.0147889,0.0,439.0,8276.0
2007-01-13,2.2130651,7806.0,2975.0,11341.0
2007-01-14,2.0909925,1777.0,4215.0,12991.5
2007-01-15,1.4921374,1099.0,2239.0,15163.0
2007-01-16,1.171114,2063.0,644.0,6583.0
2007-01-17,1.9775611,3500.0,5737.0,16064.0
2007-01-18,1.2649041,0.0,336.0,13491.0
2007-01-19,1.0280833,2103.0,330.0,7172.0
2007-01-20,2.1762028,4324.0,5222.0,11440.0
2007-01-21,2.3661542,10346.0,5567.0,11599.0
2007-01-22,1.5142319,1054.0,2983.0,11361.0
2007-01-23,1.2344723,0.0,1064.0,5061.0
2007-01-24,2.0748987,3464.0,2480.0,11744.0
2007-01-25,1.1085722,1158.0,262.0,11239.0
2007-01-26,1.1235917,1163.0,261.0,8238.0
2007-01-27,1.4194945,1170.0,3896.0,12374.0
2007-01-28,2.1475174,3466.0,3997.5,12061.0
2007-01-29,1.37685,1123.0,294.0,15254.0
2007-01-30,1.1859708,1123.0,1424.0,8149.0
2007-01-31,1.6414944,0.0,5950.0,15052.0
2007-02-01,1.2671945,1170.0,386.0,13145.0
2007-02-02,1.15815,0.0,356.0,11338.0
2007-02-03,2.798418,4746.0,4573.0,17834.0
2007-02-04,2.4971805,3391.0,4597.0,14472.0
2007-02-05,1.1425556,896.0,2564.0,7849.0
2007-02-06,0.8843611,1185.0,405.0,4517.0
2007-02-07,1.6166792,3299.0,3513.0,11986.0
2007-02-08,1.250982,2226.0,366.0,10157.0
2007-02-09,1.1251374,0.0,3045.0,9770.0
2007-02-10,1.9648111,5071.0,2831.0,14405.0
2007-02-11,2.4800196,2430.0,4765.0,13114.0
2007-02-12,1.3038958,2227.0,399.0,11517.0
2007-02-13,0.98232365,0.0,2828.0,6256.0
2007-02-14,1.735189,3295.0,3793.0,11579.0
2007-02-15,1.3787124,0.0,2363.0,14028.0
2007-02-16,1.182311,1148.0,859.0,8689.0
2007-02-17,1.4423001,1765.0,2226.0,7157.0
2007-02-18,2.6595569,6107.0,8003.0,13129.0
2007-02-19,1.518482,1634.0,2900.0,13085.0
2007-02-20,2.18745,2058.0,5191.0,9713.0
2007-02-21,1.4394958,3527.0,2332.0,11548.0
2007-02-22,2.3454306,1409.0,4165.0,12285.0
2007-02-23,0.9121389,0.0,503.0,10786.0
2007-02-24,0.4964736,0.0,363.0,3562.0
2007-02-25,0.34843054,0.0,329.0,1660.0
2007-02-26,0.39478058,0.0,331.0,2830.0
2007-02-27,0.3598,0.0,314.0,1924.0
2007-02-28,0.3616486,0.0,340.0,1973.0
2007-03-01,0.35941947,0.0,316.0,1980.0
2007-03-02,0.35811666,0.0,340.0,1969.0
2007-03-03,0.5688347,0.0,347.0,4597.0
2007-03-04,1.451875,1476.0,8711.0,9408.0
2007-03-05,1.8474528,5727.0,12109.0,10026.0
2007-03-06,0.865625,0.0,1740.0,4700.0
2007-03-07,1.6494486,1076.0,4761.0,15513.0
2007-03-08,1.0917583,2180.0,3385.0,6655.0
2007-03-09,0.8837583,1093.0,345.0,8631.0
2007-03-10,1.7254944,4130.0,5422.0,10979.0
2007-03-11,2.4171083,4810.0,3420.0,9500.0
2007-03-12,1.3546306,1403.0,2841.0,12353.0
2007-03-13,0.8959334,1350.0,3859.0,5323.0
2007-03-14,1.2453917,3485.0,480.0,8607.0
2007-03-15,1.3088986,0.0,3263.0,11036.0
2007-03-16,1.1819819,1106.0,4604.0,5370.0
2007-03-17,1.4083958,2208.0,359.0,12275.0
2007-03-18,1.6465596,6564.0,7369.0,5856.0
2007-03-19,1.4948043,1648.0,2686.0,14118.0
2007-03-20,1.4487695,3745.0,2837.0,11255.0
2007-03-21,1.487564,1865.0,4133.0,12335.0
2007-03-22,1.0104014,353.0,736.0,10462.0
2007-03-23,0.90903336,1127.0,777.0,8369.0
2007-03-24,2.0614097,3707.0,5797.0,16382.0
2007-03-25,2.31712,4630.0,3600.0,9358.0
2007-03-26,0.9833903,1088.0,344.0,9096.0
2007-03-27,0.7674583,0.0,3019.0,3697.0
2007-03-28,1.6207625,1122.0,8527.0,13888.0
2007-03-29,1.1044486,1162.0,460.0,10724.0
2007-03-30,0.97388476,1094.0,468.0,8217.0
2007-03-31,2.4371598,2620.0,7707.0,17682.0
2007-04-01,1.9346888,4629.0,5401.0,19509.0
2007-04-02,1.3616513,1755.0,970.0,16641.0
2007-04-03,1.1408472,3630.0,1042.0,7637.0
2007-04-04,1.4249083,3434.0,420.0,14748.0
2007-04-05,1.2806097,1086.0,4277.0,10523.0
2007-04-06,1.1119028,0.0,5466.0,9166.0
2007-04-07,1.0791138,1127.0,3111.0,5923.0
2007-04-08,1.1172334,0.0,485.0,3545.0
2007-04-09,0.6950833,2667.0,514.0,3801.0
2007-04-10,0.5398361,209.0,742.0,2572.0
2007-04-11,0.61630696,0.0,1112.0,6421.0
2007-04-12,0.37340695,0.0,541.0,1818.0
2007-04-13,0.38265416,0.0,558.0,1988.0
2007-04-14,0.38490835,0.0,578.0,2008.0
2007-04-15,0.50428057,0.0,1026.0,2893.0
2007-04-16,0.66138196,952.0,1305.0,4656.0
2007-04-17,0.8498153,1532.0,389.0,6199.0
2007-04-18,0.6932264,1579.0,355.0,3430.0
2007-04-19,0.7143458,733.0,1605.0,5748.0
2007-04-20,0.57123613,1069.0,360.0,3499.0
2007-04-21,1.1622611,6575.0,463.0,11129.0
2007-04-22,1.5511904,4264.0,2287.0,11102.0
2007-04-23,0.73233753,1402.0,506.0,6005.0
2007-04-24,0.7167361,1125.0,527.0,6680.0
2007-04-25,0.8778903,0.0,1469.0,8812.0
2007-04-26,0.8857402,1324.0,1845.0,7163.0
2007-04-27,0.7599528,1772.0,545.0,4756.0
2007-04-28,0.4517678,0.0,18.0,0.0
2007-04-29,0.34262568,0.0,0.0,0.0
2007-04-30,0.44955513,1214.0,500.0,1131.0
2007-05-01,1.155457,4005.0,995.0,8546.0
2007-05-02,0.6968653,7.0,1490.0,3754.0
2007-05-03,0.75710976,1906.0,1725.0,7836.0
2007-05-04,0.69314444,2259.0,538.0,3990.0
2007-05-05,1.0854528,2913.0,2493.0,11303.0
2007-05-06,1.4597944,3215.0,949.0,10095.0
2007-05-07,1.1414332,946.0,4935.0,9433.0
2007-05-08,1.2425638,4581.0,2011.0,8777.0
2007-05-09,1.156761,3018.0,5631.0,9474.0
2007-05-10,0.4915861,946.0,534.0,3261.0
2007-05-11,0.67996806,926.0,491.0,6471.0
2007-05-12,1.0010875,2247.0,1075.0,10408.0
2007-05-13,1.1352347,3612.0,2414.0,8958.0
2007-05-14,1.0192931,3176.0,2417.0,5517.0
2007-05-15,0.62805,0.0,408.0,5318.0
2007-05-16,1.1756555,2213.0,5756.0,9077.0
2007-05-17,0.8554278,1014.0,2073.0,7687.0
2007-05-18,1.1330069,3270.0,3913.0,8116.0
2007-05-19,0.9926681,4683.0,530.0,7022.0
2007-05-20,1.3668945,5420.0,1733.0,7611.0
2007-05-21,0.7778208,0.0,468.0,9060.0
2007-05-22,0.7867028,931.0,3966.0,3984.0
2007-05-23,1.0173167,956.0,3792.0,8119.0
2007-05-24,0.8016584,955.0,4116.0,4746.0
2007-05-25,1.1209861,8060.0,586.0,6539.0
2007-05-26,1.0501722,2373.0,2754.0,8628.0
2007-05-27,1.4957001,4366.0,5534.0,10444.0
2007-05-28,1.1371306,4554.0,473.0,9586.0
2007-05-29,0.73704165,0.0,1907.0,4332.0
2007-05-30,1.1179625,2250.0,5948.0,7804.0
2007-05-31,0.65177083,935.0,477.0,3552.0
2007-06-01,0.7259514,0.0,483.0,7664.0
2007-06-02,1.030807,3971.0,1250.0,7633.0
2007-06-03,1.4639069,4985.0,7529.0,8334.0
2007-06-04,0.633068,1585.0,836.0,4533.0
2007-06-05,1.0131195,4484.0,1027.0,6448.0
2007-06-06,1.177648,3330.0,829.0,11679.0
2007-06-07,0.68402916,985.0,699.0,3959.0
2007-06-08,1.4916985,2799.0,11440.0,11380.0
2007-06-09,0.76754165,852.0,620.0,6920.0
2007-06-10,0.93111944,4202.0,1924.0,5983.0
2007-06-11,0.55184305,0.0,487.0,5328.0
2007-06-12,0.63803196,1882.0,475.0,3898.0
2007-06-13,0.6439389,957.0,857.0,5216.0
2007-06-14,0.8743639,3322.0,2147.0,7054.0
2007-06-15,0.687225,2269.0,4011.0,4547.0
2007-06-16,1.4012235,3289.0,4498.0,11108.0
2007-06-17,1.3521458,4124.0,5038.0,8734.0
2007-06-18,0.4711625,0.0,529.0,4241.0
2007-06-19,0.5870181,973.0,537.0,4386.0
2007-06-20,0.74603194,1761.0,2588.0,5106.0
2007-06-21,0.56037915,932.0,2400.0,3711.0
2007-06-22,0.39325973,0.0,951.0,3482.0
2007-06-23,0.33164307,0.0,786.0,2402.0
2007-06-24,0.4962889,0.0,791.0,3449.0
2007-06-25,0.74458474,1985.0,3621.0,4816.0
2007-06-26,0.6561861,971.0,1334.0,5231.0
2007-06-27,1.0283514,2603.0,6451.0,7270.0
2007-06-28,0.8996097,0.0,4368.0,9541.0
2007-06-29,0.90589035,4363.0,667.0,6797.0
2007-06-30,0.92730135,3049.0,792.0,8376.0
2007-07-01,0.7129611,969.0,736.0,4690.0
2007-07-02,0.67155,1018.0,5281.0,3445.0
2007-07-03,0.73605,467.0,3214.0,4695.0
2007-07-04,0.6968125,2329.0,2218.0,5632.0
2007-07-05,0.7342292,2922.0,770.0,3973.0
2007-07-06,0.742725,2826.0,3563.0,4005.0
2007-07-07,0.9431986,997.0,3047.0,10177.0
2007-07-08,0.7563055,1825.0,2831.0,5277.0
2007-07-09,0.81955415,923.0,594.0,9386.0
2007-07-10,0.6307805,67.0,2227.0,4631.0
2007-07-11,0.50163335,1015.0,647.0,5284.0
2007-07-12,0.7427653,1029.0,2550.0,6419.0
2007-07-13,0.55165416,0.0,633.0,4427.0
2007-07-14,0.89456254,3775.0,1968.0,6604.0
2007-07-15,0.7267368,862.0,715.0,5585.0
2007-07-16,0.59282917,830.0,695.0,4176.0
2007-07-17,0.49974445,848.0,694.0,3335.0
2007-07-18,0.52575135,909.0,671.0,4628.0
2007-07-19,0.47075415,1068.0,703.0,3130.0
2007-07-20,0.7711264,2111.0,2418.0,4765.0
2007-07-21,0.73628336,428.0,512.0,7756.0
2007-07-22,0.95648956,7091.0,2136.0,5574.0
2007-07-23,0.688207,1747.0,1288.0,3847.0
2007-07-24,0.57311386,0.0,1607.0,5599.0
2007-07-25,0.32816666,0.0,151.0,2333.0
2007-07-26,0.6420139,975.0,3633.0,4346.0
2007-07-27,0.8350792,1837.0,49.0,7157.0
2007-07-28,1.1262931,907.0,10265.0,6559.0
2007-07-29,0.22299722,0.0,0.0,1288.0
2007-07-30,0.32417777,0.0,0.0,2528.0
2007-07-31,0.5641194,3277.0,0.0,3575.0
2007-08-01,0.7528979,1583.0,0.0,9990.5
2007-08-02,0.70792776,482.0,0.0,6869.0
2007-08-03,0.73844725,958.0,0.0,9139.0
2007-08-04,0.7951319,552.0,398.0,7966.0
2007-08-05,0.5465959,169.0,0.0,6647.0
2007-08-06,0.75675,1096.0,0.0,7985.0
2007-08-07,1.0302639,437.0,2168.0,9042.0
2007-08-08,0.78158474,1055.0,1111.0,9660.0
2007-08-09,0.7442223,182.0,4515.0,6646.0
2007-08-10,0.71389586,336.0,2651.0,8287.0
2007-08-11,0.7580903,1180.0,910.0,10339.0
2007-08-12,0.8624334,1123.0,1156.0,8582.0
2007-08-13,0.80070275,93.0,476.0,11101.0
2007-08-14,0.65360415,951.0,685.0,6256.0
2007-08-15,0.8276805,338.0,508.0,9787.0
2007-08-16,0.6656222,962.0,0.0,7476.0
2007-08-17,0.7013139,244.0,0.0,7769.0
2007-08-18,0.24163888,0.0,0.0,1830.0
2007-08-19,0.98770416,1025.0,8912.0,5989.0
2007-08-20,0.9297514,1032.0,6965.0,7383.0
2007-08-21,0.44621947,0.0,38.0,3296.0
2007-08-22,0.84014446,3048.0,1836.0,7241.0
2007-08-23,0.7724389,2502.0,259.0,5342.0
2007-08-24,1.150357,1891.0,3783.5,9944.0
2007-08-25,0.79922223,4149.0,2191.0,5678.0
2007-08-26,0.91312915,1541.0,3645.0,5658.0
2007-08-27,0.8414792,2305.0,1229.0,6344.0
2007-08-28,0.6923639,1038.0,2468.0,5483.0
2007-08-29,0.51943886,957.0,562.0,4932.0
2007-08-30,0.8350403,3822.0,2580.0,4221.0
2007-08-31,0.8887653,1200.0,666.0,8738.0
2007-09-01,1.1815875,2497.0,569.0,9733.0
2007-09-02,1.1544917,3613.0,1617.0,8806.0
2007-09-03,0.72147363,621.0,2515.0,5323.0
2007-09-04,1.1006556,2928.0,3501.0,9821.0
2007-09-05,0.85873055,0.0,4144.0,6705.0
2007-09-06,0.6260236,0.0,3888.0,3461.0
2007-09-07,0.9281222,3632.0,551.0,9388.0
2007-09-08,1.0206611,3339.0,1801.0,9164.0
2007-09-09,1.1663208,2184.0,4438.0,9233.0
2007-09-10,0.77595556,935.0,595.0,5613.0
2007-09-11,0.68303615,943.0,550.0,5792.0
2007-09-12,0.89428055,0.0,3217.0,7755.0
2007-09-13,0.7960986,1175.0,2523.0,3853.0
2007-09-14,0.7885208,901.0,676.0,5804.0
2007-09-15,0.76063335,0.0,1449.0,6464.0
2007-09-16,1.1473777,3118.0,3064.0,9310.0
2007-09-17,1.0147126,6651.0,926.0,6279.0
2007-09-18,0.8107778,1888.0,2029.0,5425.0
2007-09-19,0.9018639,0.0,2743.0,7937.0
2007-09-20,0.8718972,1056.0,489.0,9996.0
2007-09-21,0.8602639,3130.0,2745.0,6316.0
2007-09-22,0.8167861,944.0,1311.0,7688.0
2007-09-23,0.9847014,2831.0,1929.0,7382.0
2007-09-24,0.9406459,929.0,3935.0,7955.0
2007-09-25,1.2252375,916.0,2253.0,9820.0
2007-09-26,1.271875,1058.0,9452.0,5695.0
2007-09-27,0.96708333,1066.0,643.0,7324.0
2007-09-28,1.1670126,996.0,3722.0,9952.0
2007-09-29,1.5948069,4085.0,7457.0,8190.0
2007-09-30,1.0529792,1405.0,582.0,10225.0
2007-10-01,1.1950847,1507.0,6622.0,5960.0
2007-10-02,1.5269889,508.0,8022.0,12815.0
2007-10-03,0.88920414,979.0,5024.0,3692.0
2007-10-04,1.0544847,2400.0,444.0,9710.0
2007-10-05,0.9681195,0.0,351.0,9425.0
2007-10-06,1.219611,4840.0,347.0,9666.0
2007-10-07,1.4625791,2498.0,8255.0,10886.0
2007-10-08,0.7605847,0.0,420.0,5082.0
2007-10-09,1.1721237,2034.0,2147.0,9290.0
2007-10-10,0.81039727,1863.0,2117.0,3345.0
2007-10-11,1.2030876,2630.0,414.0,7806.0
2007-10-12,1.3295166,1020.0,5028.0,11659.0
2007-10-13,1.3380055,969.0,3799.0,8463.0
2007-10-14,1.431425,2930.0,7494.0,7126.0
2007-10-15,0.8793958,1061.0,339.0,7654.0
2007-10-16,1.3641958,0.0,7871.0,9876.0
2007-10-17,1.0950903,1065.0,453.0,8968.0
2007-10-18,1.0545348,1162.0,317.0,9864.0
2007-10-19,1.4483666,1299.0,3124.0,11648.0
2007-10-20,1.1529486,2363.0,296.0,13225.0
2007-10-21,1.3485694,3712.0,4357.0,7313.0
2007-10-22,1.1478444,0.0,299.0,13027.0
2007-10-23,1.3608972,1067.0,5214.0,10680.0
2007-10-24,1.2955805,4459.0,364.0,9115.0
2007-10-25,1.287443,1478.0,2433.0,7385.0
2007-10-26,0.9983111,0.0,348.0,5766.0
2007-10-27,1.240061,1374.0,4856.0,8949.0
2007-10-28,0.3556653,0.0,283.0,1765.0
2007-10-29,0.37876943,0.0,269.0,2749.0
2007-10-30,0.5632,0.0,1935.0,4256.0
2007-10-31,0.89111805,0.0,4700.0,8915.0
2007-11-01,0.34459445,0.0,293.0,1991.0
2007-11-02,1.0025014,1346.0,2115.0,12245.0
2007-11-03,0.34204862,0.0,282.0,1936.0
2007-11-04,1.0317264,0.0,4387.0,7068.0
2007-11-05,1.0420778,1265.0,397.0,6583.0
2007-11-06,1.4460958,1105.0,5515.0,10690.0
2007-11-07,1.281082,5042.0,301.0,6374.0
2007-11-08,1.0424029,1715.0,314.0,6500.0
2007-11-09,1.5077959,0.0,4573.0,15375.0
2007-11-10,1.8136111,3697.0,304.0,13767.0
2007-11-11,1.3105028,3445.0,320.0,6024.0
2007-11-12,1.4973236,1018.0,4165.0,13281.0
2007-11-13,1.5377764,978.0,4933.0,11076.0
2007-11-14,1.4222181,1055.0,295.0,16345.0
2007-11-15,1.0361028,1606.0,571.0,7503.0
2007-11-16,1.6039958,1991.0,4660.0,13564.0
2007-11-17,1.8125653,2588.0,2199.0,14990.0
2007-11-18,1.516568,5201.0,2097.0,7066.0
2007-11-19,1.196982,1089.0,253.0,10750.0
2007-11-20,1.4554555,1015.0,3954.0,11026.0
2007-11-21,1.2187917,1140.5,549.0,9470.5
2007-11-22,1.3419292,2867.0,297.0,9001.0
2007-11-23,1.751818,2168.0,6181.0,13685.0
2007-11-24,1.3187875,1573.0,4131.0,13451.0
2007-11-25,0.96916527,3556.0,279.0,5678.0
2007-11-26,1.0900805,1088.0,288.0,8926.0
2007-11-27,1.9451472,1063.0,11020.0,15111.0
2007-11-28,1.1423194,1182.0,769.0,7810.0
2007-11-29,1.1940681,2031.0,283.0,8818.0
2007-11-30,1.6192555,0.0,7941.0,13601.0
2007-12-01,2.177043,9356.0,353.0,17847.0
2007-12-02,2.0459638,2090.0,6915.0,10636.0
2007-12-03,1.2236528,1141.0,299.0,10428.0
2007-12-04,1.4358584,1012.0,5828.0,8561.0
2007-12-05,1.4952223,3422.0,295.0,10919.0
2007-12-06,1.727732,4751.0,318.0,11908.0
2007-12-07,1.2284833,459.0,3710.0,10263.0
2007-12-08,1.5370861,1133.0,2354.0,12283.0
2007-12-09,1.5795722,4176.0,2428.0,8728.0
2007-12-10,1.221357,1102.0,278.0,8281.0
2007-12-11,1.6007667,1050.0,3817.0,12740.0
2007-12-12,1.1028209,1152.0,254.0,7759.0
2007-12-13,1.2831569,1103.0,1448.0,8911.0
2007-12-14,1.3713944,980.0,3849.0,12941.0
2007-12-15,1.9006083,1706.0,3687.0,14313.0
2007-12-16,1.9182069,3410.0,2281.0,12929.0
2007-12-17,1.2489555,1636.0,243.0,10567.0
2007-12-18,1.8216625,1123.0,5810.0,11093.0
2007-12-19,1.5250361,1233.0,2658.0,11679.0
2007-12-20,1.3539987,1859.0,276.0,13592.0
2007-12-21,1.376789,1191.0,200.0,12251.0
2007-12-22,1.8133777,3819.0,4550.0,12673.0
2007-12-23,1.67295,1971.0,3091.0,11962.0
2007-12-24,1.5679499,2985.0,2316.0,14350.0
2007-12-25,1.8715056,4588.0,3368.0,9084.0
2007-12-26,1.7918612,1109.0,2773.0,9480.0
2007-12-27,1.7584708,4122.0,1490.0,7960.0
2007-12-28,2.1618416,1980.0,8554.0,15823.0
2007-12-29,2.2909417,4836.0,2434.0,14906.0
2007-12-30,1.777025,3595.0,3597.0,13485.0
2007-12-31,1.5392653,0.0,3457.0,14071.0
2008-01-01,1.9164847,2461.0,2739.0,12355.0
2008-01-02,1.1417402,0.0,3094.0,8987.0
2008-01-03,1.0486861,1130.0,846.0,6671.0
2008-01-04,1.5915639,1241.0,5326.0,11752.0
2008-01-05,1.5161445,2113.0,286.0,14591.0
2008-01-06,1.2674888,1966.0,2445.0,7824.0
2008-01-07,1.1776485,1288.0,282.0,10294.0
2008-01-08,1.419132,2197.0,3511.0,9793.0
2008-01-09,1.2419722,1162.0,284.0,8963.0
2008-01-10,1.3153306,1307.0,285.0,9992.0
2008-01-11,1.1845958,1261.0,290.0,7997.0
2008-01-12,1.9940333,5594.0,2621.0,11116.0
2008-01-13,2.0042396,6505.5,341.5,9378.5
2008-01-14,1.4062028,5918.0,339.0,9738.0
2008-01-15,1.8659112,782.0,6883.0,14512.0
2008-01-16,1.4832306,1162.0,3430.0,9391.0
2008-01-17,1.0918624,1007.0,350.0,8657.0
2008-01-18,1.5187417,1034.0,846.0,14983.0
2008-01-19,1.3752126,2521.0,6054.0,8015.0
2008-01-20,1.208589,1775.0,380.0,4940.0
2008-01-21,1.2909709,0.0,376.0,10447.0
2008-01-22,1.6145959,4670.0,7640.0,7552.0
2008-01-23,1.3071584,1116.0,387.0,13359.0
2008-01-24,1.1423764,1107.0,320.0,5935.0
2008-01-25,1.5554556,0.0,2421.0,11409.0
2008-01-26,1.9687417,4925.0,311.0,15606.0
2008-01-27,1.6540042,3725.0,3818.0,7367.0
2008-01-28,1.602914,1142.0,280.0,12792.0
2008-01-29,1.8583499,1487.0,6199.0,11077.0
2008-01-30,1.1393375,0.0,261.0,7261.0
2008-01-31,1.3568903,1165.0,267.0,9437.0
2008-02-01,1.0657306,336.0,280.0,7241.0
2008-02-02,2.0419772,6283.5,2764.0,15205.0
2008-02-03,1.4476167,2319.0,4435.0,8452.0
2008-02-04,1.1306514,1161.0,252.0,9531.0
2008-02-05,1.7169833,1098.0,7803.0,13717.0
2008-02-06,1.1594028,2114.0,356.0,8428.0
2008-02-07,1.054382,0.0,295.0,8089.0
2008-02-08,1.3545583,940.0,1921.0,9563.0
2008-02-09,1.459914,2050.0,2838.0,10293.0
2008-02-10,1.5171626,2562.0,2955.0,10128.0
2008-02-11,1.1750112,1018.0,297.0,8930.0
2008-02-12,1.3804152,2009.0,1856.0,12138.0
2008-02-13,1.3197904,2530.0,3615.0,7568.0
2008-02-14,1.1143208,1300.0,291.0,9299.0
2008-02-15,1.3925055,1109.0,1723.0,13417.0
2008-02-16,1.629825,1076.0,2360.0,11599.0
2008-02-17,1.3426167,3182.0,2257.0,6049.0
2008-02-18,1.0516695,0.0,251.0,10345.0
2008-02-19,1.477025,1881.0,4711.0,11200.0
2008-02-20,1.565132,3655.0,5516.0,7704.0
2008-02-21,1.134618,0.0,307.0,8523.0
2008-02-22,1.2031695,1167.0,1985.0,10101.0
2008-02-23,1.2753708,1684.0,2250.0,10074.0
2008-02-24,0.8770889,754.0,332.0,11447.0
2008-02-25,0.3503389,0.0,321.0,1856.0
2008-02-26,0.35216665,0.0,295.0,2013.0
2008-02-27,0.39355552,0.0,326.0,2969.0
2008-02-28,0.3536,0.0,281.0,2028.0
2008-02-29,0.9259361,0.0,3773.0,8062.0
2008-03-01,0.7929694,0.0,1287.0,2724.0
2008-03-02,0.80710137,0.0,5244.0,2565.0
2008-03-03,0.7226042,0.0,2207.0,1755.0
2008-03-04,1.1590208,1249.0,2443.0,9415.0
2008-03-05,1.4147278,1145.0,9797.0,5529.0
2008-03-06,1.738339,1082.0,372.0,6965.0
2008-03-07,1.2937195,1235.0,3471.0,9033.0
2008-03-08,1.5615693,6286.0,346.0,8435.0
2008-03-09,1.0836514,2607.0,333.0,4155.0
2008-03-10,1.1240876,2009.0,368.0,8660.0
2008-03-11,1.527807,1271.0,3901.0,12936.0
2008-03-12,1.2321056,1120.0,2374.0,11042.0
2008-03-13,1.1635514,3263.0,3590.0,5464.0
2008-03-14,1.534875,980.0,3881.0,14476.0
2008-03-15,1.0946528,2550.0,502.0,5910.0
2008-03-16,1.2513611,2394.0,566.0,11286.0
2008-03-17,1.1853597,236.0,6651.0,9346.0
2008-03-18,1.3316431,1156.0,4019.0,12544.0
2008-03-19,0.90864444,2110.0,411.0,6154.0
2008-03-20,0.8703292,1107.0,478.0,6670.0
2008-03-21,1.4350291,2171.0,4778.0,13275.0
2008-03-22,1.4260528,3322.0,588.0,12405.0
2008-03-23,1.6152709,6279.0,2112.0,13878.0
2008-03-24,1.3724097,1131.0,5988.5,7026.0
2008-03-25,1.3999,2246.0,3677.0,13494.0
2008-03-26,1.1343555,2547.0,3831.0,7547.0
2008-03-27,0.9519597,0.0,356.0,9022.0
2008-03-28,1.3093222,2325.0,3605.0,11581.0
2008-03-29,1.7160764,5153.0,375.0,17240.0
2008-03-30,1.49055,5045.0,1315.0,9769.0
2008-03-31,0.9566458,1091.0,411.0,9387.0
2008-04-01,1.4785084,1079.0,6657.0,14515.0
2008-04-02,1.1747723,1106.0,3674.0,7989.0
2008-04-03,0.7838583,0.0,422.0,6901.0
2008-04-04,1.1332763,2133.0,775.0,13246.0
2008-04-05,1.3685848,2929.0,874.0,13644.0
2008-04-06,1.1779987,1124.0,2615.0,7552.0
2008-04-07,1.0686375,2420.0,672.0,9466.0
2008-04-08,1.8454973,2752.0,10713.0,17519.0
2008-04-09,0.84642506,0.0,376.0,9003.0
2008-04-10,1.0262125,3261.0,457.0,6527.0
2008-04-11,1.3039334,1802.0,491.0,14522.0
2008-04-12,1.9444541,7076.0,2499.0,15225.0
2008-04-13,1.5506848,2554.0,5942.0,13007.0
2008-04-14,1.1038764,0.0,425.0,11197.0
2008-04-15,1.1600041,1174.0,3998.0,9874.0
2008-04-16,1.0340722,838.0,403.0,11322.0
2008-04-17,0.96934867,1719.0,417.0,8638.0
2008-04-18,1.2933264,2174.0,3832.0,10921.0
2008-04-19,1.5650764,4319.0,2457.0,14722.0
2008-04-20,1.2440403,1030.0,4544.0,10401.0
2008-04-21,0.8084417,0.0,2673.0,6788.0
2008-04-22,1.1303306,971.0,5093.0,10603.0
2008-04-23,0.94258887,1380.0,492.0,8406.0
2008-04-24,0.72484165,1263.0,522.0,5296.0
2008-04-25,0.88037086,824.0,2004.0,9400.0
2008-04-26,0.62719864,0.0,634.0,3586.0
2008-04-27,0.70016664,693.0,588.0,5488.0
2008-04-28,0.457675,0.0,621.0,2786.0
2008-04-29,1.3698722,1402.0,5411.0,10481.0
2008-04-30,0.7650875,1057.0,590.0,6653.0
2008-05-01,0.4000097,0.0,530.0,2586.0
2008-05-02,1.0401167,3114.0,584.0,8687.0
2008-05-03,0.89555556,996.0,541.0,6535.0
2008-05-04,1.0215069,2196.0,2872.0,5464.0
2008-05-05,0.9492583,1008.0,378.0,10197.0
2008-05-06,1.2430416,1354.0,5410.0,12200.0
2008-05-07,0.81685,1030.0,423.0,6649.0
2008-05-08,1.4699292,3667.0,702.0,12717.0
2008-05-09,1.2133833,2229.0,423.0,11904.0
2008-05-10,1.3257834,6950.0,612.0,11714.0
2008-05-11,1.1186944,563.0,1340.0,6930.0
2008-05-12,1.058475,2082.0,1085.0,11959.0
2008-05-13,1.0256208,823.0,4089.0,8370.0
2008-05-14,1.1001819,2467.0,3436.0,9716.0
2008-05-15,0.8074777,868.0,570.0,6820.0
2008-05-16,1.1465583,2228.0,2568.0,8957.0
2008-05-17,1.1510097,2158.0,935.0,12472.0
2008-05-18,1.2527486,1775.0,5355.0,8626.0
2008-05-19,0.7154597,1014.0,558.0,7503.0
2008-05-20,1.0981486,1352.0,2431.0,11977.0
2008-05-21,0.9195223,1989.0,474.0,9251.0
2008-05-22,0.67838055,996.0,440.0,6475.0
2008-05-23,1.0311917,0.0,1390.0,14734.0
2008-05-24,1.0973445,1027.0,569.0,12833.0
2008-05-25,1.4225721,4307.0,8811.0,6016.0
2008-05-26,0.8956319,985.0,666.0,9284.0
2008-05-27,1.1865972,0.0,5352.0,11478.0
2008-05-28,0.7738694,3138.0,512.0,6709.0
2008-05-29,0.7882472,1004.0,507.0,8703.0
2008-05-30,0.97030836,0.0,3019.0,11298.0
2008-05-31,1.1399097,1764.0,2328.0,11858.0
2008-06-01,1.2839416,1906.0,545.0,11307.0
2008-06-02,0.7458416,960.0,558.0,6341.0
2008-06-03,1.1095945,2897.0,2608.0,9265.0
2008-06-04,1.1034111,1550.0,7682.0,6508.0
2008-06-05,0.777832,1747.0,506.0,8781.0
2008-06-06,0.8456347,1009.0,506.0,7871.0
2008-06-07,1.3072805,2379.0,2611.0,14593.0
2008-06-08,1.071057,2536.0,3161.0,9732.0
2008-06-09,0.9206236,1967.0,2085.0,7921.0
2008-06-10,0.7410347,907.0,585.0,8992.0
2008-06-11,0.7800042,977.0,842.0,7566.0
2008-06-12,0.87453616,1951.0,567.0,7246.0
2008-06-13,1.302082,2809.0,7358.5,10531.5
2008-06-14,0.96175003,1862.0,1011.0,10681.0
2008-06-15,1.5896542,6471.0,6802.0,11589.0
2008-06-16,0.9048916,1980.0,464.0,10012.0
2008-06-17,0.7951972,1080.0,432.0,10094.0
2008-06-18,1.3150055,7549.0,3040.0,12687.0
2008-06-19,1.1028347,3411.0,1514.0,10911.0
2008-06-20,1.1639612,2948.0,2935.0,12417.0
2008-06-21,1.2043431,940.0,5823.0,12828.0
2008-06-22,1.0877889,4705.0,1175.0,10652.0
2008-06-23,0.8693028,2600.0,581.0,10124.0
2008-06-24,1.2183695,2779.0,3489.0,14271.0
2008-06-25,0.87622917,2773.0,569.0,9402.0
2008-06-26,0.73334724,921.0,572.0,8971.0
2008-06-27,1.2188555,4159.0,2372.0,10163.0
2008-06-28,0.83944446,0.0,2000.0,7932.0
2008-06-29,0.5203833,955.0,535.0,3896.0
2008-06-30,0.5584694,0.0,521.0,6819.0
2008-07-01,0.84391665,3465.0,587.0,8390.0
2008-07-02,0.79666805,962.0,650.0,7002.0
2008-07-03,0.76274997,958.0,2569.0,7410.0
2008-07-04,0.6541806,0.0,589.0,8302.0
2008-07-05,1.0202,1875.0,6754.0,8365.0
2008-07-06,1.2535167,4258.0,5230.0,7536.0
2008-07-07,0.6829097,2171.0,592.0,7149.0
2008-07-08,0.78209305,991.0,503.0,7592.0
2008-07-09,0.6384153,951.0,499.0,7352.0
2008-07-10,0.86894166,982.0,552.0,8186.0
2008-07-11,0.8709833,724.0,558.0,9251.0
2008-07-12,0.92281395,4436.0,2617.0,7231.0
2008-07-13,0.87127364,1671.0,3164.0,7056.0
2008-07-14,0.7902264,2564.0,1995.0,6436.0
2008-07-15,0.80268055,968.0,552.0,8585.0
2008-07-16,0.74795973,1537.0,2799.0,4978.0
2008-07-17,0.91605693,1122.0,723.0,8280.0
2008-07-18,0.8761,1143.0,552.0,9260.0
2008-07-19,0.93334305,2941.0,3146.0,7676.0
2008-07-20,0.65384305,1943.0,1076.0,5457.0
2008-07-21,0.80310977,1698.0,431.0,9189.0
2008-07-22,0.5140569,0.0,430.0,4886.0
2008-07-23,0.6546042,1233.0,454.0,6325.0
2008-07-24,0.7593402,837.0,476.0,8344.0
2008-07-25,0.6010653,1168.0,492.0,6731.0
2008-07-26,0.56644726,0.0,948.0,6243.0
2008-07-27,0.79680276,1063.0,858.0,8385.0
2008-07-28,0.573475,0.0,509.0,5963.0
2008-07-29,0.81010973,1571.0,530.0,5802.0
2008-07-30,0.90271384,2548.0,773.0,6278.0
2008-07-31,0.96710974,1533.0,2808.0,7588.0
2008-08-01,0.51359445,586.0,1150.0,5091.0
2008-08-02,0.35123333,0.0,504.0,3803.0
2008-08-03,0.35054305,0.0,499.0,3926.0
2008-08-04,0.78229237,596.0,4677.0,4410.5
2008-08-05,0.5743875,635.0,509.0,7118.0
2008-08-06,0.22646667,0.0,513.0,2215.0
2008-08-07,0.23255834,0.0,526.0,2357.0
2008-08-08,0.20986111,0.0,481.0,1980.0
2008-08-09,0.24925278,0.0,489.0,1902.0
2008-08-10,0.24446668,0.0,464.0,1905.0
2008-08-11,0.258275,0.0,489.0,1880.0
2008-08-12,0.20068334,0.0,462.0,1844.0
2008-08-13,0.1962389,0.0,451.0,1789.0
2008-08-14,0.18767916,0.0,441.0,1641.0
2008-08-15,0.19003749,0.0,439.0,1691.0
2008-08-16,0.19084305,0.0,442.0,1688.0
2008-08-17,0.19083054,0.0,445.0,1710.0
2008-08-18,0.19010971,0.0,440.0,1719.0
2008-08-19,0.19075832,0.0,442.0,1697.0
2008-08-20,0.1864389,0.0,437.0,1626.0
2008-08-21,0.18145695,0.0,432.0,1577.0
2008-08-22,0.18550277,0.0,438.0,1614.0
2008-08-23,0.17683472,0.0,419.0,1485.0
2008-08-24,0.17688611,0.0,404.0,1523.0
2008-08-25,0.17381805,0.0,422.0,1436.0
2008-08-26,0.17886388,0.0,420.0,1533.0
2008-08-27,0.17924584,0.0,399.0,1539.0
2008-08-28,0.18628195,0.0,432.0,1631.0
2008-08-29,0.185825,0.0,430.0,1599.0
2008-08-30,0.18779445,0.0,435.0,1619.0
2008-08-31,1.0433542,2056.0,3733.0,12133.5
2008-09-01,0.8663264,950.0,521.0,10183.0
2008-09-02,0.9612181,4273.0,1206.0,6648.0
2008-09-03,0.96422637,1326.0,1902.0,10213.0
2008-09-04,0.8508472,2225.0,404.0,9408.0
2008-09-05,0.60691667,379.0,431.0,6943.0
2008-09-06,1.2976208,2948.0,6500.0,13400.0
2008-09-07,0.95323336,3612.0,1707.0,5976.0
2008-09-08,0.90925276,747.0,2293.0,9559.0
2008-09-09,0.8053153,236.0,453.0,7728.0
2008-09-10,0.90330833,1009.0,399.0,10281.0
2008-09-11,0.71438473,1005.0,417.0,7644.0
2008-09-12,0.9671958,1867.0,402.0,8738.0
2008-09-13,1.1329417,930.0,5433.0,11807.0
2008-09-14,1.0946709,4673.0,445.0,6538.0
2008-09-15,1.1789639,960.0,364.0,10322.0
2008-09-16,0.84851533,0.0,368.0,8249.0
2008-09-17,1.0550069,1910.0,3727.0,9371.0
2008-09-18,1.0453403,4202.0,357.0,7991.0
2008-09-19,1.0547541,1569.0,351.0,12367.0
2008-09-20,0.9059722,0.0,370.0,12477.0
2008-09-21,1.0646319,4010.0,2381.0,8347.0
2008-09-22,0.9434472,1014.0,2448.0,10227.0
2008-09-23,0.85610276,0.0,2168.0,7920.0
2008-09-24,1.1932986,2019.0,4730.0,10548.0
2008-09-25,0.7855694,1012.0,751.0,8485.0
2008-09-26,0.9940625,1221.0,370.0,10890.0
2008-09-27,1.477393,4347.0,2584.0,12688.0
2008-09-28,1.2021556,1920.0,385.0,11242.0
2008-09-29,1.0428736,1014.0,363.0,10677.0
2008-09-30,0.9548653,998.0,360.0,7415.0
2008-10-01,1.3002528,2249.0,5800.0,10808.0
2008-10-02,0.9342653,0.0,367.0,9060.0
2008-10-03,1.1198472,4801.0,349.0,9432.0
2008-10-04,1.4586779,3462.0,629.0,12573.0
2008-10-05,1.0763541,990.0,3257.0,6071.0
2008-10-06,0.98873746,990.0,286.0,9562.0
2008-10-07,1.1990056,1016.0,419.0,9476.0
2008-10-08,1.2920667,1044.0,5126.0,11650.0
2008-10-09,1.3775569,1032.0,3064.0,11652.0
2008-10-10,1.0544014,0.0,389.0,12046.0
2008-10-11,1.1592958,2144.0,2335.0,11373.0
2008-10-12,1.3249583,2561.0,5822.0,7171.0
2008-10-13,1.015261,1037.0,535.0,9483.0
2008-10-14,1.1174,1177.0,442.0,9939.0
2008-10-15,1.4978445,1998.0,7042.0,9984.0
2008-10-16,1.0997778,951.0,429.0,8438.0
2008-10-17,1.2964486,2036.0,3187.0,9639.0
2008-10-18,1.554993,799.0,1655.0,12146.0
2008-10-19,1.3693986,698.0,8010.0,4600.0
2008-10-20,1.1580236,844.0,2648.0,10475.0
2008-10-21,1.4331361,857.0,2663.0,11331.0
2008-10-22,1.1430625,662.0,2542.0,8487.0
2008-10-23,1.2711765,815.0,1435.0,10587.0
2008-10-24,1.481407,7893.0,2277.0,10284.0
2008-10-25,1.1096756,737.0,458.5,14185.5
2008-10-26,0.36353612,0.0,360.0,2013.0
2008-10-27,0.3638139,0.0,402.0,1967.0
2008-10-28,0.9217292,2263.0,362.0,5090.0
2008-10-29,1.1198444,1037.0,345.0,4015.0
2008-10-30,0.7629166,0.0,345.0,2619.0
2008-10-31,0.8929389,0.0,312.0,10483.0
2008-11-01,0.5767347,0.0,344.0,1939.0
2008-11-02,0.6323708,0.0,346.0,2824.0
2008-11-03,0.58861107,963.0,347.0,1892.0
2008-11-04,1.0849417,0.0,6214.0,4106.0
2008-11-05,2.1770346,7597.0,10409.0,8362.0
2008-11-06,1.103082,1033.0,430.0,6734.0
2008-11-07,1.1244333,1032.0,389.0,10421.0
2008-11-08,1.203568,1114.0,3271.0,6069.0
2008-11-09,1.7906514,6301.0,661.0,14348.0
2008-11-10,1.468357,1023.0,355.0,10354.0
2008-11-11,1.7055207,2475.0,2288.0,14651.0
2008-11-12,1.5209125,1066.0,2745.0,9430.0
2008-11-13,0.8600416,0.0,338.0,6315.0
2008-11-14,1.126207,2092.0,325.0,9929.0
2008-11-15,2.105297,3952.0,3799.0,15635.0
2008-11-16,1.642661,4791.0,1829.0,8945.0
2008-11-17,1.0580806,0.0,378.0,10590.0
2008-11-18,1.2146181,1079.0,369.0,11204.0
2008-11-19,1.2779431,1737.0,3026.0,8704.0
2008-11-20,1.1752334,1034.0,347.0,7732.0
2008-11-21,1.1624514,1039.0,348.0,10396.0
2008-11-22,1.18845,1093.0,882.0,8320.0
2008-11-23,2.3662534,3631.0,8829.5,10288.5
2008-11-24,2.2312486,1063.0,510.0,13378.0
2008-11-25,1.8769792,3010.0,345.0,10471.0
2008-11-26,1.0527458,909.0,304.0,10002.0
2008-11-27,1.6404291,2491.0,330.0,12440.0
2008-11-28,1.3096973,1113.0,295.0,11361.0
2008-11-29,1.6907417,5268.0,2392.0,12386.0
2008-11-30,1.6676306,1161.0,3481.0,11474.0
2008-12-01,1.1225958,1085.0,309.0,9013.0
2008-12-02,1.2454472,0.0,304.0,11343.0
2008-12-03,1.2188638,1137.0,302.0,9664.0
2008-12-04,1.2073874,1085.0,281.0,11314.0
2008-12-05,1.4295958,831.0,310.0,9852.0
2008-12-06,1.7526639,4005.0,5749.0,9048.0
2008-12-07,1.7130139,3294.0,310.0,13627.0
2008-12-08,1.2976639,1117.0,296.0,13256.0
2008-12-09,1.3910723,1985.0,2553.0,12886.0
2008-12-10,1.5589792,1128.0,4144.0,12254.0
2008-12-11,0.99480695,1160.0,273.0,7979.0
2008-12-12,1.2607875,1157.0,255.0,12154.0
2008-12-13,1.2677597,2186.0,261.0,9271.0
2008-12-14,1.3903611,3742.0,2497.0,5415.0
2008-12-15,1.2468402,1178.0,252.0,9668.0
2008-12-16,1.2479792,0.0,253.0,11334.0
2008-12-17,1.4574902,4251.0,284.0,10813.0
2008-12-18,1.2062083,1125.0,258.0,11293.0
2008-12-19,1.3070222,1538.0,296.0,11773.0
2008-12-20,1.5584459,1133.5,6479.0,12837.0
2008-12-21,1.8358403,1099.0,9189.0,14816.0
2008-12-22,1.3998667,2157.0,391.0,10433.0
2008-12-23,1.2486722,2666.0,2115.0,8326.0
2008-12-24,0.8816931,0.0,364.0,9981.0
2008-12-25,0.7368875,0.0,285.0,3598.0
2008-12-26,0.84981394,1121.0,279.0,7796.0
2008-12-27,2.0640028,0.0,244.0,12209.0
2008-12-28,1.0907236,1953.0,217.0,5291.0
2008-12-29,0.38560975,0.0,218.0,2480.0
2008-12-30,0.8300264,0.0,245.0,7145.0
2008-12-31,1.3640194,2975.0,246.0,11860.0
2009-01-01,0.97686946,765.0,3845.0,2803.0
2009-01-02,1.6163265,2417.0,6018.0,11841.0
2009-01-03,1.3288167,6440.0,328.0,10439.0
2009-01-04,1.347218,1457.0,5251.0,3245.0
2009-01-05,1.1138889,1247.0,322.0,8650.0
2009-01-06,1.1735153,0.0,254.0,12462.0
2009-01-07,1.4446334,2687.0,3820.0,9979.0
2009-01-08,1.1342152,2773.0,299.0,10075.0
2009-01-09,1.2421542,1802.0,272.0,9285.0
2009-01-10,1.4603806,2828.0,4288.0,12539.0
2009-01-11,1.372214,4521.0,5301.0,5887.0
2009-01-12,1.1036652,0.0,261.0,12147.0
2009-01-13,1.5156945,1140.0,329.0,16194.0
2009-01-14,1.2372077,2278.5,332.0,10316.5
2009-01-15,1.0861583,2731.0,390.0,9561.0
2009-01-16,1.921218,5811.0,3158.0,15220.0
2009-01-17,2.3040416,2477.0,3154.0,15322.0
2009-01-18,2.1904125,5649.0,6701.0,12727.0
2009-01-19,1.1804625,1118.0,376.0,10279.0
2009-01-20,1.2069639,0.0,282.0,13727.0
2009-01-21,1.2079402,1148.0,2159.0,9830.0
2009-01-22,0.859275,0.0,341.0,8246.0
2009-01-23,1.3267611,2078.0,295.0,12146.0
2009-01-24,1.5283126,5096.0,4492.0,8322.0
2009-01-25,1.9747667,3971.0,5960.0,11213.0
2009-01-26,1.1628278,1121.0,348.0,9821.0
2009-01-27,0.9896042,896.0,278.0,6608.0
2009-01-28,1.890093,2301.0,6949.0,14285.0
2009-01-29,1.0928458,0.0,294.0,8996.0
2009-01-30,1.4298875,1622.0,280.0,12147.0
2009-01-31,2.3005917,8278.0,6575.0,15309.0
2009-02-01,1.2827569,3330.0,622.0,7494.0
2009-02-02,1.1134028,1159.0,232.0,10915.0
2009-02-03,1.2974931,703.0,878.0,14984.0
2009-02-04,1.7089751,871.0,6961.0,15960.0
2009-02-05,1.1452,1104.0,264.0,12987.0
2009-02-06,1.4224973,1165.0,273.0,11716.0
2009-02-07,2.1746776,6822.0,4483.0,17873.0
2009-02-08,1.5158792,5341.0,259.0,15174.0
2009-02-09,1.1851653,1063.0,228.0,9375.0
2009-02-10,1.3498764,1128.0,263.0,12339.0
2009-02-11,1.8329097,2985.0,10477.0,12195.0
2009-02-12,1.367125,1109.0,299.0,17724.0
2009-02-13,1.1736264,1100.0,254.0,11554.0
2009-02-14,1.6217471,2280.0,3256.0,18543.0
2009-02-15,1.1014111,2465.0,226.0,5234.0
2009-02-16,0.91596806,0.0,261.0,7037.0
2009-02-17,0.5519292,0.0,278.0,3925.0
2009-02-18,0.57392365,0.0,297.0,5471.0
2009-02-19,0.5119917,1046.0,262.0,1796.0
2009-02-20,1.3060666,2897.0,293.0,8768.0
2009-02-21,0.91401666,2111.0,262.0,3983.0
2009-02-22,1.5544987,3816.0,8576.0,7133.0
2009-02-23,1.8983722,1212.0,3744.0,12471.0
2009-02-24,1.2382945,0.0,1602.0,14512.0
2009-02-25,0.81239164,1092.0,274.0,7359.0
2009-02-26,0.80336946,0.0,268.0,6841.0
2009-02-27,1.4089708,1154.0,246.0,14831.0
2009-02-28,1.1324652,1145.0,5358.0,8006.0
2009-03-01,1.7170285,11224.0,2740.5,8852.0
2009-03-02,1.0260015,1560.0,310.0,6684.0
2009-03-03,1.2839944,1159.0,268.0,13024.0
2009-03-04,1.2792569,2214.0,2570.0,8393.0
2009-03-05,1.0012584,0.0,271.0,9094.0
2009-03-06,1.2385236,1144.0,265.0,12056.0
2009-03-07,1.1781013,1055.0,811.0,12113.0
2009-03-08,1.6369208,7253.0,5260.0,12691.0
2009-03-09,1.1705251,2001.0,369.0,10336.0
2009-03-10,1.2751458,0.0,281.0,11610.0
2009-03-11,1.6707667,3476.0,7288.0,10737.0
2009-03-12,1.3105972,0.0,364.0,13655.0
2009-03-13,1.0038333,1082.0,311.0,10466.0
2009-03-14,1.4923806,2196.0,280.0,18036.0
2009-03-15,1.3486542,3478.0,5152.0,8353.0
2009-03-16,0.92925346,0.0,306.0,9291.0
2009-03-17,1.3416042,1110.0,3952.0,12320.0
2009-03-18,1.0074167,1123.0,375.0,12101.0
2009-03-19,0.8274528,0.0,314.0,9458.0
2009-03-20,1.0166014,1083.0,308.0,10618.0
2009-03-21,1.340293,5420.0,682.0,10266.0
2009-03-22,1.1730348,2017.0,3778.0,9015.0
2009-03-23,0.9003125,1078.0,310.0,5999.0
2009-03-24,1.1539667,1710.0,352.0,10149.0
2009-03-25,1.2769264,2780.0,3315.0,10287.0
2009-03-26,0.84097505,0.0,312.0,8596.0
2009-03-27,1.1902264,1103.0,526.0,9947.0
2009-03-28,1.5701222,4527.0,327.0,12225.0
2009-03-29,1.5393403,1611.0,4024.0,9502.0
2009-03-30,1.0260084,1085.0,295.0,9901.0
2009-03-31,1.266307,2202.0,2711.0,12958.0
2009-04-01,1.1396806,2807.0,2364.0,7309.0
2009-04-02,1.1418986,1128.0,324.0,13500.0
2009-04-03,0.9467083,0.0,326.0,8556.0
2009-04-04,1.5216888,2699.0,4172.0,16251.0
2009-04-05,0.95535827,3832.0,357.0,6503.0
2009-04-06,1.0087737,799.0,333.0,10141.0
2009-04-07,1.0000639,1103.0,338.0,9121.0
2009-04-08,1.0656945,2131.0,2827.0,7968.0
2009-04-09,1.3128278,2682.0,366.0,13482.0
2009-04-10,1.2792459,2057.0,2822.0,13828.0
2009-04-11,1.710032,3661.0,4286.0,18233.0
2009-04-12,1.4868139,7498.0,1504.0,12470.0
2009-04-13,1.1110028,1006.0,5648.0,6209.0
2009-04-14,1.0427347,888.0,2341.0,9478.0
2009-04-15,0.8444875,1880.0,463.0,5278.0
2009-04-16,1.086475,2896.0,397.0,9809.0
2009-04-17,1.4186181,0.0,5224.0,7655.0
2009-04-18,1.0501847,1028.0,2613.0,10699.0
2009-04-19,0.8933806,2201.0,376.0,8088.0
2009-04-20,1.0322986,0.0,2644.0,10476.0
2009-04-21,1.315693,1925.0,375.0,7380.0
2009-04-22,1.0390264,1024.0,1203.0,13265.0
2009-04-23,0.7926805,1068.0,395.0,5511.0
2009-04-24,0.82919997,0.0,383.0,9677.0
2009-04-25,1.4043639,2007.0,3901.0,13225.0
2009-04-26,1.2372403,3053.0,3017.0,10561.0
2009-04-27,0.9386306,995.0,376.0,7021.0
2009-04-28,1.1849903,2068.0,371.0,11469.0
2009-04-29,1.1560278,1043.0,2492.0,9372.0
2009-04-30,1.2741402,1027.0,363.0,15305.0
2009-05-01,1.0505569,1067.0,1052.0,11709.0
2009-05-02,0.9679931,1430.0,374.0,9760.0
2009-05-03,1.1172764,3207.0,2593.0,7226.0
2009-05-04,1.1582514,1007.0,411.0,11374.0
2009-05-05,1.2024125,1049.0,5539.0,10166.0
2009-05-06,0.93743193,1038.0,1797.0,9058.0
2009-05-07,0.70322776,0.0,374.0,7992.0
2009-05-08,1.2896917,2226.0,848.0,15426.0
2009-05-09,0.87593895,2090.0,382.0,6605.0
2009-05-10,1.3665917,4300.0,6670.0,8696.0
2009-05-11,1.0535945,1035.0,457.0,11009.0
2009-05-12,1.1291362,0.0,2713.0,11335.0
2009-05-13,0.86555415,1419.0,553.0,7127.0
2009-05-14,1.1159611,0.0,4065.0,11499.0
2009-05-15,0.9876569,1382.0,494.0,12195.0
2009-05-16,1.3940126,1705.0,4820.0,12265.0
2009-05-17,1.0720583,2555.0,1926.0,7168.0
2009-05-18,0.8402125,763.0,374.0,8971.0
2009-05-19,1.1231556,3253.0,792.0,10981.0
2009-05-20,0.9077514,1061.0,1889.0,9470.0
2009-05-21,1.0938542,1553.0,1278.0,12563.0
2009-05-22,0.7463931,982.0,1207.0,8078.0
2009-05-23,1.0629153,480.0,1844.0,12579.0
2009-05-24,0.8942958,45.0,446.0,10256.0
2009-05-25,0.9403444,920.0,966.0,9930.0
2009-05-26,0.92984235,1191.0,864.5,10100.0
2009-05-27,1.072425,1052.0,2355.0,11076.0
2009-05-28,0.8192611,1502.0,421.0,9049.0
2009-05-29,0.8630875,1005.0,434.0,10112.0
2009-05-30,1.152157,2787.0,1707.0,11557.0
2009-05-31,0.664507,1466.0,458.0,5720.0
2009-06-01,1.0022639,2789.0,461.0,11361.0
2009-06-02,0.7573875,0.0,506.0,7892.0
2009-06-03,0.94206804,940.0,1370.0,11577.0
2009-06-04,0.71920836,1906.0,455.0,6905.0
2009-06-05,0.85441667,0.0,456.0,12515.0
2009-06-06,1.024618,1769.0,2732.0,10611.0
2009-06-07,0.83846664,2077.0,1641.0,6034.0
2009-06-08,0.81859446,1024.0,432.0,8551.0
2009-06-09,0.9255903,1000.0,414.0,10695.0
2009-06-10,1.1131916,1032.0,4745.0,9889.0
2009-06-11,0.9032292,0.0,472.0,10610.0
2009-06-12,0.7650917,1009.0,460.0,7137.0
2009-06-13,0.72350454,0.0,1114.1062,8710.452
2009-06-14,1.5141594,0.0,512.0145,23711.652
2009-06-15,1.1794757,916.0,379.3793,16283.896
2009-06-16,1.0477722,2983.0,1221.0,13691.0
2009-06-17,0.68612224,975.0,611.0,7193.0
2009-06-18,0.80951387,0.0,461.0,11223.0
2009-06-19,0.754768,969.0,475.0,7737.0
2009-06-20,0.76881945,0.0,2657.0,9159.0
2009-06-21,0.59384865,1039.0,412.0,6002.0
2009-06-22,0.7597903,0.0,449.0,11148.0
2009-06-23,0.7216764,1010.0,1261.0,8186.0
2009-06-24,1.0658847,3059.0,1239.0,14275.0
2009-06-25,0.5356681,0.0,495.0,6224.0
2009-06-26,0.8870292,1826.0,538.0,9952.0
2009-06-27,1.1868417,2663.0,2432.0,13468.0
2009-06-28,0.7356903,0.0,1421.0,6742.0
2009-06-29,0.70148194,1794.0,598.0,6462.0
2009-06-30,0.8280875,582.0,1034.0,8989.0
2009-07-01,0.8460709,989.0,590.0,9747.0
2009-07-02,0.8629014,637.0,603.0,8032.0
2009-07-03,0.6001028,856.0,642.0,7371.0
2009-07-04,0.86011666,2084.0,2329.0,6791.0
2009-07-05,0.97967774,3215.0,1438.0,8014.0
2009-07-06,0.66268057,429.0,755.0,7142.0
2009-07-07,0.7709278,1292.0,3619.0,5704.0
2009-07-08,0.85722226,0.0,3514.0,9308.0
2009-07-09,0.58767503,0.0,656.0,4783.0
2009-07-10,0.82828194,988.0,2624.0,7494.0
2009-07-11,0.6902556,981.0,683.0,7756.0
2009-07-12,0.35658196,0.0,589.0,4060.0
2009-07-13,0.3449625,0.0,594.0,3881.0
2009-07-14,0.6329375,2303.0,618.0,6155.0
2009-07-15,0.49866247,878.0,932.0,5820.0
2009-07-16,0.41635695,0.0,1724.0,3902.0
2009-07-17,0.5082,0.0,626.0,6670.0
2009-07-18,0.671118,0.0,663.0,5389.0
2009-07-19,0.83586395,0.0,598.0,5058.0
2009-07-20,0.46005973,914.0,784.0,4948.0
2009-07-21,0.56511253,0.0,981.0,7795.0
2009-07-22,0.5135639,0.0,681.0,3965.0
2009-07-23,0.7152778,926.0,622.0,9064.0
2009-07-24,0.39009583,0.0,630.0,4128.0
2009-07-25,0.3727,0.0,577.0,3716.0
2009-07-26,0.37709445,0.0,1019.0,3799.0
2009-07-27,0.4781708,0.0,2062.0,5202.0
2009-07-28,0.6269792,0.0,4899.0,4353.0
2009-07-29,0.6263889,869.0,749.0,7549.0
2009-07-30,0.5502264,0.0,2304.0,4040.0
2009-07-31,0.67765975,865.0,3423.0,6302.0
2009-08-01,0.49094862,0.0,844.0,6248.0
2009-08-02,0.3400861,0.0,637.0,3539.0
2009-08-03,0.34742916,0.0,605.0,3811.0
2009-08-04,0.35339722,0.0,607.0,3871.0
2009-08-05,0.36017498,0.0,620.0,4042.0
2009-08-06,0.3699111,0.0,659.0,4193.0
2009-08-07,0.37451112,0.0,668.0,4232.0
2009-08-08,0.36560553,0.0,646.0,4093.0
2009-08-09,0.69321805,1984.0,2380.0,5154.0
2009-08-10,0.74260974,0.0,3719.0,6012.0
2009-08-11,0.6603847,857.0,1467.0,6577.0
2009-08-12,0.57252496,912.0,689.0,4991.0
2009-08-13,0.5717743,1215.0,3702.0,2154.5
2009-08-14,0.5199139,429.0,850.0,4647.0
2009-08-15,1.0514319,3437.0,1852.0,8922.0
2009-08-16,0.8456334,1604.0,1094.0,5691.0
2009-08-17,0.54576945,1.0,813.0,6261.0
2009-08-18,0.75041527,2306.0,1440.0,6324.0
2009-08-19,0.6116264,896.0,812.0,6044.0
2009-08-20,0.5386958,0.0,883.0,6138.0
2009-08-21,0.80676806,3043.0,887.0,7527.0
2009-08-22,1.0755125,4544.0,3203.0,8549.0
2009-08-23,0.74076945,949.0,819.0,6994.0
2009-08-24,0.86962086,2279.0,737.0,8247.0
2009-08-25,0.6552847,1140.0,755.0,6291.0
2009-08-26,0.7892681,2131.0,1516.0,7860.0
2009-08-27,0.5204625,0.0,664.0,4283.0
2009-08-28,0.77697366,1778.0,1125.0,7485.0
2009-08-29,0.96417636,905.0,1483.0,11707.0
2009-08-30,1.1585709,2653.0,1363.0,10648.0
2009-08-31,0.8788347,960.0,678.0,9974.0
2009-09-01,0.6809278,0.0,697.0,6073.0
2009-09-02,0.84917635,947.0,659.0,9921.0
2009-09-03,0.86888057,3319.0,3099.0,5011.0
2009-09-04,0.71138054,0.0,636.0,8095.0
2009-09-05,1.0512958,2988.0,2248.0,10433.0
2009-09-06,0.8532153,995.0,588.0,9031.0
2009-09-07,0.8482347,2196.0,577.0,8299.0
2009-09-08,0.7543431,1002.0,577.0,8533.0
2009-09-09,1.0564889,964.0,3832.0,10671.0
2009-09-10,0.77246803,928.0,600.0,6508.0
2009-09-11,0.84315693,0.0,631.0,11693.0
2009-09-12,1.4335818,9583.0,1202.0,12601.0
2009-09-13,1.0914084,4146.0,612.0,10188.5
2009-09-14,1.0936514,2843.0,603.0,9091.0
2009-09-15,1.0116708,1769.0,560.0,8644.0
2009-09-16,1.2105292,1035.0,3470.0,13384.0
2009-09-17,0.8496014,0.0,563.0,9710.0
2009-09-18,0.9541889,1993.0,652.0,9151.0
2009-09-19,1.4831319,1607.0,4050.0,14845.0
2009-09-20,1.4134222,4532.0,2466.0,11935.0
2009-09-21,0.9846306,921.0,604.0,10844.0
2009-09-22,0.86565,937.0,597.0,8502.0
2009-09-23,1.1365347,2085.0,978.0,12884.0
2009-09-24,0.990457,1051.0,621.0,10374.0
2009-09-25,0.8062611,0.0,594.0,9694.0
2009-09-26,1.080732,1943.0,571.0,14581.0
2009-09-27,0.97949445,1817.0,4571.0,8554.0
2009-09-28,0.9024,0.0,603.0,10797.0
2009-09-29,0.7961097,1031.0,603.0,7322.0
2009-09-30,1.2336583,970.0,8080.0,9243.0
2009-10-01,0.89392495,950.0,602.0,9433.0
2009-10-02,0.80046386,0.0,570.0,10142.0
2009-10-03,1.1921805,3644.0,920.0,14480.0
2009-10-04,1.1257681,3189.0,3499.0,8980.0
2009-10-05,0.88577914,984.0,542.0,7983.0
2009-10-06,0.99197775,1.0,543.0,8806.0
2009-10-07,1.2651625,734.0,4334.0,9908.0
2009-10-08,1.0952542,2091.0,619.0,11568.0
2009-10-09,0.9387931,0.0,559.0,10718.0
2009-10-10,1.3977472,4510.0,570.0,14811.0
2009-10-11,1.3464382,4111.0,6454.0,8648.5
2009-10-12,0.9386139,997.0,515.0,9420.0
2009-10-13,1.0063194,983.0,530.0,9530.0
2009-10-14,1.18835,2001.0,3131.0,10013.0
2009-10-15,1.0347055,1629.0,463.0,9641.0
2009-10-16,1.053375,0.0,482.0,11136.0
2009-10-17,1.9042222,5490.0,4364.0,18326.0
2009-10-18,1.0806694,712.0,499.0,11144.0
2009-10-19,0.9507695,1104.0,457.0,8227.0
2009-10-20,1.1963944,760.0,450.0,11005.0
2009-10-21,1.3677125,2031.0,5916.0,8569.0
2009-10-22,0.9720208,0.0,492.0,11074.0
2009-10-23,1.2204514,3180.0,495.0,11696.0
2009-10-24,1.815561,6202.0,518.0,15941.0
2009-10-25,1.6712055,3010.0,6181.0,13691.0
2009-10-26,0.7724611,475.0,468.0,5788.0
2009-10-27,0.775525,579.0,449.0,8367.0
2009-10-28,0.88104725,1044.0,463.0,9318.0
2009-10-29,1.3759999,765.0,4125.0,5677.0
2009-10-30,1.0370542,1779.0,2005.0,8828.0
2009-10-31,1.3027375,1773.0,2514.0,14637.0
2009-11-01,1.2799778,1970.0,470.0,12215.0
2009-11-02,1.0446013,1881.0,471.0,7490.0
2009-11-03,1.5740889,2009.0,3951.0,9025.0
2009-11-04,1.25125,1075.0,4008.0,12246.0
2009-11-05,1.0836569,1105.0,532.0,9868.0
2009-11-06,0.96559024,0.0,442.0,11326.0
2009-11-07,1.0813723,2187.0,408.0,10014.0
2009-11-08,1.741668,4941.0,2075.0,14871.0
2009-11-09,0.9774146,1126.0,430.0,7639.5
2009-11-10,1.1154056,1118.0,432.0,11788.0
2009-11-11,1.4169999,2338.0,5105.0,11214.0
2009-11-12,1.016018,1486.0,429.0,9403.0
2009-11-13,1.0645319,1856.0,407.0,9178.0
2009-11-14,1.7780945,4169.0,2411.0,18868.0
2009-11-15,1.3661861,991.0,5278.0,9446.0
2009-11-16,1.051714,2021.0,545.0,9354.0
2009-11-17,1.1863153,0.0,453.0,11616.0
2009-11-18,1.8327597,6012.0,7655.0,13787.0
2009-11-19,1.0242,0.0,481.0,10936.0
2009-11-20,1.3618166,843.0,407.0,12816.0
2009-11-21,1.7339277,5694.0,1997.0,12553.0
2009-11-22,1.7020667,6774.0,411.0,16097.0
2009-11-23,1.0216124,0.0,402.0,8230.0
2009-11-24,1.4783722,2491.0,4579.0,9086.0
2009-11-25,1.3750902,745.0,5083.0,10596.0
2009-11-26,1.1108514,2262.0,407.0,10069.0
2009-11-27,0.9583514,0.0,396.0,11599.0
2009-11-28,1.2909374,3199.0,386.0,14350.0
2009-11-29,1.1465014,1073.0,3061.0,7828.0
2009-11-30,1.2119374,1080.0,361.0,12039.0
2009-12-01,1.219707,0.0,354.0,10821.0
2009-12-02,1.628936,1143.0,7052.0,12851.0
2009-12-03,1.0275611,1039.0,402.0,9906.0
2009-12-04,1.1883986,1158.0,352.0,9134.0
2009-12-05,1.633168,3822.0,351.0,13324.0
2009-12-06,1.6515889,2850.0,4175.0,12420.0
2009-12-07,1.2101653,1132.0,358.0,10291.0
2009-12-08,1.3936695,1108.0,350.0,15376.0
2009-12-09,1.251636,2054.0,3355.0,7971.0
2009-12-10,1.429975,2823.0,351.0,15435.0
2009-12-11,1.2392098,1546.0,385.0,11251.0
2009-12-12,1.261375,1087.0,4120.0,8198.0
2009-12-13,1.4852874,3984.0,417.0,13178.0
2009-12-14,1.246432,1090.0,2280.0,10742.0
2009-12-15,1.3473028,1111.0,392.0,14084.0
2009-12-16,0.9686625,1143.0,2943.0,8104.0
2009-12-17,1.1924875,0.0,308.0,14395.0
2009-12-18,1.2116014,1195.0,304.0,11466.0
2009-12-19,1.5307875,1165.0,2662.0,13681.0
2009-12-20,0.7945597,1237.0,313.0,7795.0
2009-12-21,1.4131708,3293.0,282.0,11473.0
2009-12-22,1.3111264,0.0,285.0,15829.0
2009-12-23,1.0105555,1143.0,284.0,11205.0
2009-12-24,2.017982,5184.0,5575.0,15198.0
2009-12-25,1.4775333,3371.0,3895.0,14288.0
2009-12-26,1.5164013,1186.0,4294.0,16047.0
2009-12-27,1.5246193,4218.0,318.0,12450.0
2009-12-28,1.4542346,2175.0,2063.0,14934.0
2009-12-29,1.4222,1260.0,346.0,10205.0
2009-12-30,1.7021598,5284.0,4539.0,12484.0
2009-12-31,1.5360361,0.0,387.0,19409.0
2010-01-01,0.85017496,2304.0,327.0,3558.0
2010-01-02,0.9109826,801.0,298.0,6441.5
2010-01-03,1.4468431,3842.0,4920.0,10074.0
2010-01-04,1.1139805,0.0,292.0,10812.0
2010-01-05,1.5415139,1785.0,293.0,16468.0
2010-01-06,1.2341528,1731.0,3256.0,11359.0
2010-01-07,1.2287792,1198.0,255.0,12936.0
2010-01-08,1.2480611,0.0,994.0,12531.0
2010-01-09,1.6228472,2781.0,4855.0,14734.0
2010-01-10,1.7419903,3564.0,2032.0,14108.0
2010-01-11,1.0546416,1251.0,340.0,10279.0
2010-01-12,1.5276053,1550.2313,4487.2314,19052.197
2010-01-13,1.7377508,1713.738,1713.738,16280.511
2010-01-14,1.8704424,2307.0308,501.03067,5854.7915
2010-01-15,1.5255278,1957.0,2952.0,13546.0
2010-01-16,1.4931334,2605.0,2415.0,13652.0
2010-01-17,1.3239973,1992.0,298.0,15044.0
2010-01-18,1.306318,617.0,295.0,12981.0
2010-01-19,1.6899362,2044.0,653.0,19311.0
2010-01-20,1.6331445,2317.0,3341.0,14563.0
2010-01-21,1.4846222,894.0,449.0,16451.0
2010-01-22,1.2434902,699.0,352.0,14512.0
2010-01-23,1.8135701,3154.0,4086.0,16039.0
2010-01-24,1.575986,3496.0,2760.0,11046.0
2010-01-25,1.340632,1368.0,455.0,16136.0
2010-01-26,1.4358083,526.0,395.0,16243.0
2010-01-27,1.9172931,2044.0,6403.0,18154.0
2010-01-28,1.4654402,2032.0,504.0,14987.0
2010-01-29,1.4534652,1488.0,851.0,18061.0
2010-01-30,1.9741167,3240.0,7544.0,17891.0
2010-01-31,1.2494417,1715.0,1380.0,12569.0
2010-02-01,1.1762347,1111.0,367.0,14623.0
2010-02-02,1.4982166,0.0,382.0,21536.0
2010-02-03,2.015982,2234.0,8423.0,21130.0
2010-02-04,1.6085209,1074.0,532.0,23743.0
2010-02-05,1.457564,902.0,474.0,18008.0
2010-02-06,1.8840181,4324.0,2209.0,17857.0
2010-02-07,1.128964,2736.0,3837.0,5546.0
2010-02-08,1.7932209,1161.0,431.0,19764.0
2010-02-09,1.6812027,1214.0,410.0,19769.0
2010-02-10,1.3527945,1219.0,2976.0,12230.5
2010-02-11,0.9512277,0.0,330.0,9916.0
2010-02-12,1.314582,1241.0,312.0,15211.0
2010-02-13,1.6330249,1838.0,5292.0,18710.0
2010-02-14,1.1725694,1224.5,319.5,13190.5
2010-02-15,1.4563417,3468.0,332.0,16065.0
2010-02-16,1.2484417,1945.0,317.0,12820.0
2010-02-17,1.4267778,2294.0,6636.0,10101.0
2010-02-18,1.223025,965.0,385.0,14884.0
2010-02-19,1.3566473,2124.0,397.0,14543.0
2010-02-20,1.3775889,3748.0,382.0,14470.0
2010-02-21,1.9029958,5905.0,8142.0,17083.0
2010-02-22,1.0236361,1393.0,2167.0,10159.0
2010-02-23,1.0147778,0.0,3001.0,8806.0
2010-02-24,1.3293597,2260.0,1682.0,14315.0
2010-02-25,1.3056972,0.0,474.0,15120.0
2010-02-26,1.4723306,1146.0,2454.0,14821.0
2010-02-27,1.2257334,3743.0,441.0,14358.0
2010-02-28,0.4942125,0.0,487.0,2952.0
2010-03-01,0.90189445,1785.0,471.0,7115.0
2010-03-02,0.53257364,0.0,424.0,3605.0
2010-03-03,0.6498847,0.0,425.0,7221.0
2010-03-04,0.4742222,0.0,436.0,2928.0
2010-03-05,0.7873097,1108.0,351.0,5918.0
2010-03-06,0.55188334,0.0,419.0,3970.0
2010-03-07,0.95310557,0.0,4674.0,3679.0
2010-03-08,1.7757624,4214.0,7645.0,15971.0
2010-03-09,1.2223,846.0,397.0,10893.0
2010-03-10,1.2657167,1167.0,375.0,14916.0
2010-03-11,1.3549236,2071.0,320.0,15706.0
2010-03-12,1.1426555,1691.0,411.0,14076.0
2010-03-13,1.654868,2848.0,5534.0,17973.0
2010-03-14,1.0879958,3464.0,918.0,7101.0
2010-03-15,1.2443403,778.0,436.0,15053.0
2010-03-16,1.0712848,0.0,457.0,10083.0
2010-03-17,1.3952292,1136.0,5851.0,13105.0
2010-03-18,1.0851958,1147.0,570.0,10845.0
2010-03-19,1.1551278,0.0,596.0,12591.0
2010-03-20,0.6365325,0.0,1233.0,1816.9231
2010-03-21,1.2236911,1670.0,3626.0,3845.577
2010-03-22,1.1240208,1142.0,557.0,13859.0
2010-03-23,1.2653903,2892.0,1153.0,13107.0
2010-03-24,1.3852444,1075.0,5832.0,12817.0
2010-03-25,1.1665862,0.0,611.0,13797.0
2010-03-26,1.146725,1078.0,682.0,12547.0
2010-03-27,1.2833124,1067.0,3080.0,12483.0
2010-03-28,1.2487597,1083.0,7895.0,7118.0
2010-03-29,1.1269014,0.0,636.0,15420.0
2010-03-30,1.3239263,1760.0,571.0,13765.0
2010-03-31,1.3359736,1067.0,6313.0,12041.0
2010-04-01,1.1718333,1780.0,517.0,14393.0
2010-04-02,1.1448764,0.0,483.0,13074.0
2010-04-03,1.2536652,1778.0,648.0,17694.0
2010-04-04,1.1738806,1097.0,831.0,12687.0
2010-04-05,0.7769583,1755.0,1436.0,5503.0
2010-04-06,1.2679528,1154.0,613.0,12476.0
2010-04-07,1.1090153,1077.0,3440.0,11362.0
2010-04-08,1.1452917,145.0,669.0,13322.0
2010-04-09,0.85649306,1088.0,566.0,10595.0
2010-04-10,0.8265333,1044.0,960.0,8933.0
2010-04-11,1.1133201,5499.0,554.0,8851.0
2010-04-12,0.9996014,660.0,611.0,11949.0
2010-04-13,1.0504888,1097.0,646.0,13033.0
2010-04-14,1.1530305,1132.0,5871.0,9194.0
2010-04-15,1.3001236,2526.0,658.0,15667.0
2010-04-16,1.0847653,2837.0,592.0,12623.0
2010-04-17,1.0817444,553.0,3124.0,12571.0
2010-04-18,1.0250735,1104.0,618.0,12550.0
2010-04-19,1.1865236,1230.0,4255.0,13474.0
2010-04-20,1.2733529,1388.0,719.0,16668.0
2010-04-21,1.0971625,0.0,635.0,12902.0
2010-04-22,1.0145167,1062.0,653.0,12492.0
2010-04-23,0.81981665,0.0,623.0,10981.0
2010-04-24,1.054457,4445.0,1483.0,8223.0
2010-04-25,1.0713485,0.0,2350.0,7595.0
2010-04-26,0.75188607,1038.0,460.0,7635.0
2010-04-27,0.8687083,0.0,545.0,8539.0
2010-04-28,0.60267913,0.0,578.0,6035.0
2010-04-29,0.766475,12.0,679.0,8102.0
2010-04-30,0.776825,2695.0,659.0,6969.0
2010-05-01,0.91677636,1984.0,4885.0,6751.0
2010-05-02,1.5193819,1858.0,7966.0,14454.0
2010-05-03,0.9800708,980.0,534.0,11825.0
2010-05-04,1.0534444,0.0,1018.0,12007.0
2010-05-05,1.2536861,2969.0,2194.0,12183.0
2010-05-06,0.90225697,0.0,301.0,10280.0
2010-05-07,1.1416695,1053.0,332.0,13602.0
2010-05-08,1.0648764,3569.0,2435.0,10158.0
2010-05-09,1.0878541,2888.0,2636.0,9945.0
2010-05-10,1.0193694,0.0,403.0,12893.0
2010-05-11,1.0912278,1156.0,345.0,11418.0
2010-05-12,1.4134847,1036.0,4434.0,16362.0
2010-05-13,1.0792972,2124.5,1477.0,10527.5
2010-05-14,1.1959348,1045.0,334.0,16764.0
2010-05-15,1.3505361,3347.0,336.0,13670.0
2010-05-16,1.4586291,3361.0,3922.0,11888.0
2010-05-17,1.130682,1014.0,367.0,15344.0
2010-05-18,0.9869333,0.0,370.0,11677.0
2010-05-19,0.99079996,2122.0,659.0,9864.0
2010-05-20,0.80131805,0.0,369.0,10101.0
2010-05-21,0.8988861,1073.0,381.0,10113.0
2010-05-22,1.4553972,2278.0,2441.0,17454.0
2010-05-23,1.033025,864.0,416.0,9541.0
2010-05-24,0.9314806,1875.0,2467.0,7746.0
2010-05-25,0.83237916,474.0,451.0,10439.0
2010-05-26,0.96380836,914.0,4500.0,8530.0
2010-05-27,0.9189875,932.0,443.0,10669.0
2010-05-28,0.97094727,1020.0,413.0,11616.0
2010-05-29,1.4234779,4057.0,400.0,16635.0
2010-05-30,1.1567361,2405.0,2976.0,9708.0
2010-05-31,0.93087643,1710.0,2171.0,10461.0
2010-06-01,0.881225,970.0,400.0,11858.0
2010-06-02,0.68117917,0.0,656.0,8454.0
2010-06-03,0.96818477,2916.0,451.0,12304.0
2010-06-04,0.9864958,1695.0,397.0,12517.0
2010-06-05,1.3955861,10932.0,1253.0,12223.0
2010-06-06,1.21305,7609.0,574.0,11365.0
2010-06-07,0.7028347,1821.0,488.0,6737.0
2010-06-08,0.945857,1513.0,821.0,11374.0
2010-06-09,1.0657514,2774.0,4269.0,8255.0
2010-06-10,0.8438819,0.0,474.0,10870.0
2010-06-11,1.0213,3439.0,468.0,11728.0
2010-06-12,1.3711576,2705.0,3659.0,16200.0
2010-06-13,1.1627471,4922.0,2516.0,9096.0
2010-06-14,0.8458222,958.0,473.0,10336.0
2010-06-15,0.84997636,0.0,488.0,10144.0
2010-06-16,1.2278417,1875.0,4999.0,10336.0
2010-06-17,0.71390134,0.0,488.0,8510.0
2010-06-18,0.9252195,977.0,454.0,11977.0
2010-06-19,0.9834861,2385.0,1803.0,9554.0
2010-06-20,1.1614931,1021.0,4195.0,12337.0
2010-06-21,1.1533959,3824.0,3525.0,11179.0
2010-06-22,1.0559639,968.0,6176.0,9230.0
2010-06-23,1.0014333,5740.0,1500.0,10188.0
2010-06-24,0.7609584,973.0,883.0,8090.0
2010-06-25,0.7634986,0.0,689.0,10466.0
2010-06-26,0.68168056,921.0,1221.0,7939.0
2010-06-27,0.79164165,2665.0,764.0,7690.0
2010-06-28,1.0217639,0.0,809.0,12516.0
2010-06-29,0.95037705,1746.0,1984.0,8263.0
2010-06-30,0.96120554,398.0,806.0,5214.0
2010-07-01,0.9368069,877.0,921.0,7438.0
2010-07-02,0.7923111,822.0,932.0,6337.0
2010-07-03,0.7778292,0.0,968.0,6151.0
2010-07-04,1.0681167,860.0,804.0,6597.0
2010-07-05,0.77360415,841.0,837.0,6913.0
2010-07-06,0.6985653,0.0,771.0,8451.0
2010-07-07,0.5797139,879.0,760.0,5762.0
2010-07-08,0.84211946,857.0,1350.0,8459.0
2010-07-09,0.7524153,0.0,625.0,5356.0
2010-07-10,0.8017389,907.0,1240.0,8921.0
2010-07-11,0.82886946,848.0,594.0,7781.0
2010-07-12,0.7705375,1724.0,646.0,6444.0
2010-07-13,0.9598014,2273.0,2826.0,7894.0
2010-07-14,0.97880006,1064.0,598.0,7575.0
2010-07-15,1.1359812,1108.0,2179.0,8203.5
2010-07-16,0.56948334,0.0,568.0,3854.0
2010-07-17,0.5599667,0.0,541.0,6094.0
2010-07-18,0.5639153,0.0,498.0,3943.0
2010-07-19,0.5563597,0.0,549.0,6105.0
2010-07-20,0.5943222,9.0,550.0,5178.0
2010-07-21,0.7390042,2030.0,585.0,6178.0
2010-07-22,0.8086431,0.0,2151.0,5604.0
2010-07-23,0.81677634,897.0,2106.0,8295.0
2010-07-24,0.64004725,0.0,2096.0,3892.0
2010-07-25,0.78500694,0.0,3732.0,7549.0
2010-07-26,0.61399305,0.0,2246.0,4147.0
2010-07-27,0.6613611,907.0,523.0,4042.0
2010-07-28,0.59906524,801.0,544.0,7232.0
2010-07-29,0.38132223,0.0,537.0,4158.0
2010-07-30,0.38281944,0.0,534.0,4087.0
2010-07-31,0.38515002,0.0,548.0,4272.0
2010-08-01,0.3858778,0.0,558.0,4263.0
2010-08-02,0.3815847,0.0,536.0,4191.0
2010-08-03,0.42723054,0.0,527.0,4096.0
2010-08-04,0.37733057,0.0,532.0,4116.0
2010-08-05,0.37046945,0.0,517.0,4013.0
2010-08-06,0.3644069,0.0,507.0,3947.0
2010-08-07,0.3663028,0.0,520.0,3968.0
2010-08-08,0.36698613,0.0,526.0,3958.0
2010-08-09,0.37157223,0.0,515.0,4042.0
2010-08-10,0.37830415,0.0,525.0,4141.0
2010-08-11,0.37639028,0.0,542.0,4118.0
2010-08-12,0.36784583,0.0,514.0,3982.0
2010-08-13,0.3710375,0.0,508.0,4097.0
2010-08-14,0.38490975,0.0,512.0,4471.0
2010-08-15,0.7333236,0.0,4361.0,5282.0
2010-08-16,0.7845347,1530.0,463.0,7328.0
2010-08-17,0.79091287,940.0,745.40875,5666.0
2010-08-18,0.87466997,0.0,358.05728,1440.0
2010-08-19,0.8244583,0.0,931.90533,1440.0
2010-08-20,0.7742466,0.0,1505.7534,1440.0
2010-08-21,0.7240349,0.0,2079.6016,1440.0
2010-08-22,0.66988575,0.0,2400.2737,1588.0
2010-08-23,0.5317069,0.0,565.0,6106.0
2010-08-24,0.50204724,0.0,541.0,5712.0
2010-08-25,0.6808389,969.0,522.0,8959.0
2010-08-26,0.5258694,0.0,538.0,5078.0
2010-08-27,1.4101737,930.0,7583.0,12707.0
2010-08-28,1.0019833,2086.0,549.0,12983.0
2010-08-29,1.1586666,3005.0,534.0,13095.0
2010-08-30,1.038057,940.0,1470.0,11790.0
2010-08-31,0.94799024,2099.0,1723.0,7958.0
2010-09-01,1.1064708,1947.0,1194.0,13990.0
2010-09-02,0.9670083,929.0,500.0,11785.0
2010-09-03,0.93500966,940.0,523.0,9747.0
2010-09-04,1.211,2605.0,734.0,13241.0
2010-09-05,0.91876245,1609.0,2732.0,7471.0
2010-09-06,0.98810834,3164.0,532.0,10174.0
2010-09-07,1.008232,1929.0,922.0,11829.0
2010-09-08,0.905425,1.0,495.0,7478.0
2010-09-09,0.86021805,1813.0,2128.0,7016.0
2010-09-10,0.92229724,966.0,654.0,10773.0
2010-09-11,1.0161875,930.0,1427.0,8996.0
2010-09-12,1.1195084,1805.0,2080.0,8891.0
2010-09-13,0.7474444,1301.0,798.0,6710.0
2010-09-14,0.9935264,1874.0,2705.0,10270.0
2010-09-15,0.6847875,0.0,898.0,6018.0
2010-09-16,0.9303736,1038.0,739.0,10310.0
2010-09-17,1.0400056,1954.0,5496.0,9727.0
2010-09-18,0.8666292,982.0,754.0,11779.0
2010-09-19,0.6386111,0.0,1307.0,5156.0
2010-09-20,1.1686333,3323.0,766.0,13262.0
2010-09-21,0.7717889,0.0,679.0,7969.0
2010-09-22,1.0488847,2472.0,1167.0,11768.0
2010-09-23,1.0068487,1021.0,755.0,12002.0
2010-09-24,0.92221665,1739.0,773.0,8666.0
2010-09-25,0.40649986,0.0,150.0,4454.328
2010-09-26,0.9513654,0.0,0.0,10434.227
2010-09-27,1.5539771,0.0,0.0,17164.123
2010-09-28,2.0053701,944.0,181.0,19496.822
2010-09-29,1.1697403,1579.0,648.0,13047.0
2010-09-30,0.8668597,0.0,771.0,7988.0
2010-10-01,1.0450139,1752.0,724.0,11307.0
2010-10-02,1.3355931,3972.0,741.0,13532.0
2010-10-03,1.2713083,5000.0,2564.0,7738.0
2010-10-04,1.2333056,1709.0,722.0,8252.0
2010-10-05,1.2879333,0.0,3012.0,12037.0
2010-10-06,0.91351116,1016.0,527.0,8055.0
2010-10-07,1.2569125,2159.0,543.0,12666.0
2010-10-08,1.0489278,964.0,710.0,9927.0
2010-10-09,1.1192917,959.0,1585.0,13132.0
2010-10-10,1.3881278,3325.0,773.0,10297.0
2010-10-11,1.1267986,1007.0,5006.0,8734.0
2010-10-12,1.0970083,1104.0,780.0,9812.0
2010-10-13,1.4401987,1988.0,611.0,16593.0
2010-10-14,1.4827237,2583.0,2441.0,14239.0
2010-10-15,1.1085583,712.0,827.0,10786.0
2010-10-16,0.69445413,0.0,645.0,7656.0
2010-10-17,0.72734857,995.0,666.0,4681.0
2010-10-18,1.8846416,2234.0,10218.0,16382.0
2010-10-19,1.3374847,1025.0,4110.0,9461.0
2010-10-20,1.199975,2154.0,690.0,10330.0
2010-10-21,0.9411097,755.0,691.0,6757.0
2010-10-22,1.1589527,1106.0,478.0,12697.0
2010-10-23,1.592525,3737.0,3883.0,13465.0
2010-10-24,1.6613222,1982.0,7563.0,13237.5
2010-10-25,0.80784166,0.0,541.0,6748.0
2010-10-26,0.65687776,0.0,2488.0,4989.0
2010-10-27,0.875193,0.0,2058.0,8269.0
2010-10-28,1.0161986,1103.0,2627.0,9087.0
2010-10-29,0.83640414,1075.0,726.0,3911.0
2010-10-30,1.4949305,2353.0,614.0,15303.0
2010-10-31,1.0252986,1430.0,678.0,5589.0
2010-11-01,0.9605417,0.0,634.0,8746.0
2010-11-02,0.8271403,0.0,574.0,5784.0
2010-11-03,0.8981236,1021.0,1108.0,6529.0
2010-11-04,1.7744069,6029.0,11193.0,10286.0
2010-11-05,1.2056167,0.0,790.0,12610.0
2010-11-06,1.2537556,3255.0,680.0,9803.0
2010-11-07,1.1623722,1026.0,621.0,6943.0
2010-11-08,1.2677362,1087.0,555.0,13038.0
2010-11-09,1.4042348,2097.0,583.0,12500.0
2010-11-10,1.3517598,1026.0,5858.0,13308.0
2010-11-11,1.2316611,3424.0,2216.0,6259.0
2010-11-12,1.2755709,2054.0,489.0,10308.0
2010-11-13,1.4049819,1051.0,589.0,13853.0
2010-11-14,1.41555,5344.0,549.0,8758.0
2010-11-15,1.2134597,1075.0,4222.0,8918.0
2010-11-16,1.0484362,0.0,478.0,7949.0
2010-11-17,1.0986333,1153.0,491.0,8915.0
2010-11-18,1.1473278,2175.0,489.0,9449.0
2010-11-19,1.0905555,0.0,483.0,11914.0
2010-11-20,1.5256987,4367.0,2947.0,11433.0
2010-11-21,0.6256319,0.0,506.0,4778.0
2010-11-22,1.4177333,4855.0,2110.0,10136.0
2010-11-23,1.0955111,1871.0,458.0,7611.0
2010-11-24,1.2473944,1096.0,2848.0,12224.0
2010-11-25,0.9938638,1076.0,426.0,5072.0
2010-11-26,1.1782296,1080.0,385.0,9989.0
