time,temperature_2m_mean (°C),rain_sum (mm),wind_speed_10m_max (km/h),apparent_temperature_mean (°C),temperature_2m_min (°C),temperature_2m_max (°C),apparent_temperature_max (°C),weather_code (wmo code),wind_direction_10m_dominant (°),wind_gusts_10m_max (km/h),shortwave_radiation_sum (MJ/m²),daylight_duration (s),sunshine_duration (s),apparent_temperature_min (°C),precipitation_hours (h),precipitation_sum (mm),et0_fao_evapotranspiration (mm),snowfall_sum (cm),cloud_cover_mean (%),dew_point_2m_mean (°C),relative_humidity_2m_mean (%),visibility_mean (undefined),visibility_max (undefined),visibility_min (undefined),wind_gusts_10m_mean (km/h),wind_speed_10m_mean (km/h),winddirection_10m_dominant (°),wind_gusts_10m_min (km/h),wind_speed_10m_min (km/h)
2009-02-28 00:00:00+00:00,15.292857142857143,0.03928571428571428,19.839285714285715,11.914285714285715,9.321428571428571,21.525000000000002,17.65357142857143,7.285714285714286,210.67857142857142,39.614285714285714,17.55,40089.56,35657.10214285714,6.246428571428572,0.14285714285714285,0.03928571428571428,4.141785714285715,0.0,25.071428571428573,2.125,45.785714285714285,,,,24.328571428571426,12.464285714285714,210.67857142857142,11.192857142857141,5.821428571428571
2009-03-31 00:00:00+00:00,16.654838709677417,0.01935483870967742,18.229032258064517,13.629032258064516,9.712903225806452,23.532258064516128,20.503225806451614,4.903225806451613,196.90322580645162,37.09032258064516,21.508709677419354,43212.58580645161,38746.30451612903,7.267741935483871,0.12903225806451613,0.01935483870967742,4.972903225806451,0.0,19.806451612903224,2.92258064516129,46.0,,,,24.154838709677417,12.016129032258064,196.90322580645162,11.606451612903227,5.964516129032258
2009-04-30 00:00:00+00:00,21.25,0.0,18.64,19.11,13.883333333333333,29.066666666666666,27.016666666666666,1.9,137.8,37.07,25.262999999999998,46476.776333333335,41235.075333333334,12.34,0.0,0.0,6.296333333333333,0.0,24.666666666666668,6.706666666666666,45.56666666666667,,,,25.493333333333332,12.47,137.8,14.53,6.913333333333333
2009-05-31 00:00:00+00:00,24.116129032258065,0.0064516129032258064,20.35483870967742,22.654838709677417,16.448387096774194,31.532258064516128,29.958064516129035,2.806451612903226,150.48387096774192,39.94516129032258,27.443548387096776,49209.959677419356,43627.301612903226,16.190322580645162,0.03225806451612903,0.0064516129032258064,7.247419354838709,0.0,17.774193548387096,9.338709677419354,45.516129032258064,,,,27.309677419354838,13.03225806451613,150.48387096774192,13.641935483870967,6.670967741935484
2009-06-30 00:00:00+00:00,28.733333333333334,0.0,19.726666666666667,28.366666666666667,20.266666666666666,37.04,36.233333333333334,0.6666666666666666,138.66666666666666,38.11333333333334,29.227666666666668,50570.772333333334,46554.0,21.45,0.0,0.0,8.381333333333334,0.0,3.8666666666666667,12.683333333333334,43.96666666666667,,,,26.763333333333332,12.963333333333333,138.66666666666666,13.42,7.13
2009-07-31 00:00:00+00:00,29.570967741935487,0.0,18.316129032258065,30.796774193548387,22.032258064516128,37.26129032258064,37.71612903225807,1.3225806451612903,270.3225806451613,35.46774193548387,28.240322580645163,49897.017096774194,45081.732903225806,24.983870967741936,0.0,0.0,7.6896774193548385,0.0,5.290322580645161,16.474193548387095,51.61290322580645,,,,24.44193548387097,11.493548387096775,270.3225806451613,11.616129032258065,6.351612903225806
2009-08-31 00:00:00+00:00,28.506451612903227,0.0,17.55483870967742,29.67096774193548,21.10967741935484,35.84838709677419,36.29032258064516,0.9032258064516129,287.7096774193548,33.36129032258064,26.365806451612904,47524.96290322581,42950.566774193554,23.961290322580645,0.0,0.0,6.9961290322580645,0.0,5.032258064516129,16.04516129032258,53.32258064516129,,,,22.603225806451615,10.48709677419355,287.7096774193548,9.55483870967742,5.338709677419355
2009-09-30 00:00:00+00:00,27.23,0.0,18.763333333333332,27.8,20.733333333333334,34.20333333333333,33.88333333333333,0.7,213.76666666666668,36.763333333333335,22.568666666666665,44413.258,41114.779,22.75,0.0,0.0,6.291333333333333,0.0,5.8,15.610000000000001,54.36666666666667,,,,24.816666666666666,12.066666666666666,213.76666666666668,11.863333333333333,6.326666666666667
2009-10-31 00:00:00+00:00,25.129032258064516,0.00967741935483871,15.69032258064516,25.051612903225806,18.70967741935484,31.83225806451613,31.0258064516129,3.2903225806451615,152.38709677419354,31.03548387096774,17.98032258064516,41163.81322580645,37321.84129032258,19.625806451612902,0.03225806451612903,0.00967741935483871,4.825161290322581,0.0,23.64516129032258,13.383870967741935,53.67741935483871,,,,20.761290322580646,10.151612903225805,152.38709677419354,11.12258064516129,5.974193548387096
2009-11-30 00:00:00+00:00,19.096666666666668,0.02333333333333333,16.75,17.45,13.783333333333333,24.953333333333333,22.37,3.6666666666666665,174.6,33.29333333333333,14.3,38336.33966666667,34194.534,12.78,0.06666666666666667,0.02333333333333333,3.572666666666667,0.0,23.633333333333333,9.3,57.4,,,,21.633333333333333,11.016666666666667,174.6,11.42,6.05
2009-12-31 00:00:00+00:00,16.16774193548387,0.06129032258064516,17.458064516129035,13.619354838709677,11.264516129032257,21.806451612903224,18.44516129032258,5.225806451612903,189.06451612903226,34.91290322580645,12.524838709677418,36889.24677419355,32779.50161290323,8.925806451612903,0.25806451612903225,0.06129032258064516,3.1393548387096777,0.0,22.516129032258064,6.254838709677419,55.45161290322581,,,,22.570967741935487,11.87741935483871,189.06451612903226,12.451612903225806,7.064516129032258
2010-01-31 00:00:00+00:00,15.693548387096774,0.08064516129032258,16.351612903225806,13.006451612903225,9.83548387096774,22.141935483870967,18.75483870967742,3.903225806451613,183.32258064516128,32.877419354838715,14.058709677419355,37650.45193548387,33573.644838709675,7.490322580645161,0.16129032258064516,0.08064516129032258,3.3287096774193548,0.0,28.06451612903226,4.8,52.96774193548387,,,,21.070967741935487,10.806451612903226,183.32258064516128,10.270967741935483,5.174193548387097
2010-02-28 00:00:00+00:00,17.489285714285714,0.18214285714285713,17.360714285714288,14.610714285714286,11.228571428571428,24.25,21.02857142857143,7.75,164.82142857142858,34.85357142857143,16.976071428571426,40066.4525,35770.28035714286,8.725,0.39285714285714285,0.18214285714285713,4.1867857142857146,0.0,31.428571428571427,3.875,45.57142857142857,,,,22.65357142857143,11.342857142857143,164.82142857142858,11.571428571428571,6.132142857142857
2010-03-31 00:00:00+00:00,19.532258064516128,0.016129032258064516,19.52258064516129,17.29032258064516,12.938709677419356,27.019354838709678,24.677419354838708,5.032258064516129,191.8709677419355,37.99677419354839,21.846451612903227,43185.22161290323,39486.53290322581,11.429032258064517,0.0967741935483871,0.016129032258064516,5.361935483870968,0.0,22.70967741935484,7.296774193548386,51.193548387096776,,,,26.61935483870968,13.358064516129033,191.8709677419355,14.641935483870967,7.606451612903226
2010-04-30 00:00:00+00:00,21.873333333333335,0.0,17.746666666666666,19.886666666666667,14.32,29.62,27.973333333333336,2.2,157.26666666666668,35.16,25.180999999999997,46452.53433333334,41772.779,12.93,0.0,0.0,6.375,0.0,28.6,7.14,45.1,,,,24.85666666666667,12.136666666666667,157.26666666666668,13.513333333333332,7.1
2010-05-31 00:00:00+00:00,25.17096774193548,0.0064516129032258064,17.838709677419356,23.887096774193548,17.116129032258065,33.08387096774193,32.016129032258064,3.032258064516129,145.8709677419355,35.170967741935485,28.48548387096774,49191.71967741936,44649.60967741935,16.6,0.03225806451612903,0.0064516129032258064,7.367741935483871,0.0,20.0,9.325806451612904,43.25806451612903,,,,25.238709677419354,12.035483870967743,145.8709677419355,13.174193548387096,6.319354838709677
2010-06-30 00:00:00+00:00,28.583333333333332,0.0,19.883333333333333,28.413333333333334,20.583333333333332,36.31333333333334,36.07666666666667,0.7333333333333333,229.3,38.30333333333333,28.833666666666666,50567.27866666667,46667.062000000005,21.506666666666668,0.0,0.0,7.989999999999999,0.0,3.6333333333333333,13.066666666666666,44.166666666666664,,,,25.55666666666667,12.073333333333332,229.3,12.366666666666667,5.916666666666667
2010-07-31 00:00:00+00:00,28.674193548387095,0.0,18.4741935483871,29.958064516129035,21.509677419354837,36.15161290322581,36.906451612903226,0.967741935483871,205.74193548387098,36.79677419354839,27.986129032258066,49910.529677419356,45048.75032258064,24.219354838709677,0.0,0.0,7.441290322580645,0.0,5.129032258064516,17.106451612903225,55.0,,,,25.896774193548385,12.37741935483871,205.74193548387098,12.041935483870969,6.577419354838709
2010-08-31 00:00:00+00:00,30.103225806451615,0.0,18.05483870967742,32.34838709677419,23.203225806451613,37.91612903225807,39.26774193548387,1.8387096774193548,289.2258064516129,35.00967741935484,26.00032258064516,47546.37580645161,42754.93741935484,26.925806451612903,0.0,0.0,7.093870967741935,0.0,10.064516129032258,18.874193548387098,57.096774193548384,,,,24.083870967741937,11.274193548387096,289.2258064516129,12.109677419354838,6.106451612903226
2010-09-30 00:00:00+00:00,27.926666666666666,0.0,18.92,28.706666666666667,20.996666666666666,35.13,35.12,0.7333333333333333,207.83333333333334,36.25333333333333,22.756000000000004,44440.189,41048.01,23.34333333333333,0.0,0.0,6.450666666666667,0.0,5.133333333333334,16.18,54.166666666666664,,,,24.993333333333332,12.146666666666667,207.83333333333334,12.073333333333332,6.816666666666666
2010-10-31 00:00:00+00:00,25.774193548387096,0.009677419354838712,17.903225806451612,25.596774193548388,19.75483870967742,32.54838709677419,31.73548387096774,4.387096774193548,116.29032258064517,34.88709677419355,18.05290322580645,41187.847096774196,37336.5664516129,20.335483870967742,0.06451612903225806,0.009677419354838712,5.273870967741936,0.0,14.451612903225806,14.358064516129033,54.096774193548384,,,,25.309677419354838,12.851612903225806,116.29032258064517,14.964516129032257,8.209677419354838
2010-11-30 00:00:00+00:00,21.07,0.0,14.493333333333334,20.426666666666666,15.26,27.84,26.41,1.5666666666666667,87.0,29.4,14.971333333333332,38356.418333333335,34452.594333333334,15.223333333333333,0.0,0.0,3.624,0.0,17.266666666666666,12.386666666666667,62.03333333333333,,,,20.61,10.523333333333333,87.0,13.426666666666668,6.98
2010-12-31 00:00:00+00:00,16.45483870967742,0.025806451612903226,16.82903225806452,14.003225806451614,11.261290322580646,22.458064516129035,19.283870967741933,3.6129032258064515,181.96774193548387,33.24193548387097,12.64225806451613,36892.30322580645,32569.300645161293,9.14516129032258,0.0967741935483871,0.025806451612903226,3.1519354838709677,0.0,26.032258064516128,6.445161290322581,55.61290322580645,,,,22.83225806451613,11.851612903225806,181.96774193548387,14.051612903225807,7.070967741935483
2011-01-31 00:00:00+00:00,13.96774193548387,0.33548387096774196,14.629032258064516,11.848387096774195,8.919354838709678,19.387096774193548,16.72258064516129,10.290322580645162,191.16129032258064,30.06451612903226,12.471935483870968,37636.139677419356,32240.06322580645,6.890322580645161,0.7096774193548387,0.33548387096774196,2.551612903225806,0.0,32.58064516129032,6.809677419354839,65.29032258064517,,,,18.19677419354839,9.393548387096773,191.16129032258064,9.167741935483871,4.854838709677419
2011-02-28 00:00:00+00:00,15.671428571428573,0.028571428571428574,18.571428571428573,12.846428571428572,10.460714285714285,21.139285714285712,17.835714285714285,5.5,208.21428571428572,37.646428571428565,16.148928571428574,40043.78464285714,34628.735357142854,7.885714285714286,0.10714285714285714,0.028571428571428574,3.7478571428571428,0.0,33.0,4.796428571428572,53.17857142857143,,,,23.8,12.153571428571428,208.21428571428572,11.221428571428572,6.003571428571428
2011-03-31 00:00:00+00:00,16.61935483870968,0.012903225806451613,19.299999999999997,13.841935483870968,10.083870967741936,23.57741935483871,20.429032258064517,4.580645161290323,138.1290322580645,37.832258064516125,21.10258064516129,43158.06548387097,38217.88677419355,7.967741935483871,0.06451612903225806,0.012903225806451613,4.768064516129033,0.0,19.967741935483872,5.33225806451613,53.03225806451613,,,,26.270967741935483,13.52258064516129,138.1290322580645,14.638709677419355,7.883870967741935
2011-04-30 00:00:00+00:00,20.456666666666667,0.11333333333333333,17.790000000000003,18.433333333333334,13.623333333333333,27.15,24.970000000000002,10.0,202.83333333333334,36.443333333333335,23.141000000000002,46428.845,40912.223,12.083333333333334,0.6333333333333333,0.11333333333333333,5.599,0.0,23.766666666666666,6.62,47.4,,,,23.316666666666666,10.983333333333333,202.83333333333334,10.803333333333335,4.993333333333334
2011-05-31 00:00:00+00:00,24.29032258064516,0.01935483870967742,19.299999999999997,22.86774193548387,16.906451612903226,31.67096774193548,30.403225806451612,3.5806451612903225,201.70967741935485,38.61612903225806,26.893870967741936,49173.33129032258,43280.59064516129,16.33225806451613,0.03225806451612903,0.01935483870967742,7.036774193548387,0.0,25.741935483870968,9.364516129032259,44.774193548387096,,,,25.693548387096776,12.319354838709677,201.70967741935485,13.093548387096773,6.809677419354839
2011-06-30 00:00:00+00:00,26.946666666666665,0.0,19.743333333333332,26.833333333333332,19.186666666666667,34.833333333333336,34.32,0.8666666666666667,183.8,38.16,28.994000000000003,50564.24766666666,46404.592,20.48,0.0,0.0,7.739,0.0,4.866666666666666,13.473333333333333,49.36666666666667,,,,26.459999999999997,12.713333333333333,183.8,12.016666666666667,6.483333333333333
2011-07-31 00:00:00+00:00,28.80322580645161,0.0,18.42258064516129,29.861290322580647,20.89032258064516,36.97096774193548,37.196774193548386,1.1612903225806452,235.48387096774192,35.81290322580645,28.585483870967742,49922.86967741935,45276.88225806452,23.396774193548385,0.0,0.0,7.700645161290322,0.0,6.193548387096774,16.119354838709675,52.83870967741935,,,,24.519354838709678,11.735483870967743,235.48387096774192,11.306451612903226,6.04516129032258
2011-08-31 00:00:00+00:00,28.470967741935485,0.0,17.35483870967742,29.787096774193547,21.225806451612904,35.86774193548387,36.38387096774194,1.2903225806451613,297.5806451612903,33.196774193548386,26.27,47568.91032258065,42927.27129032258,24.093548387096774,0.0,0.0,6.9954838709677425,0.0,8.064516129032258,16.55483870967742,54.61290322580645,,,,22.712903225806453,10.670967741935485,297.5806451612903,9.651612903225805,5.032258064516129
2011-09-30 00:00:00+00:00,27.283333333333335,0.0,16.866666666666667,28.276666666666664,20.529999999999998,34.18666666666666,34.2,1.2333333333333334,215.06666666666666,32.45333333333333,22.519000000000002,44466.166,40999.182,23.133333333333333,0.0,0.0,5.982666666666666,0.0,8.566666666666666,15.876666666666667,55.53333333333333,,,,21.513333333333332,10.073333333333332,215.06666666666666,9.44,4.9399999999999995
2011-10-31 00:00:00+00:00,23.648387096774194,0.0,17.396774193548385,22.86774193548387,17.548387096774192,29.864516129032257,28.638709677419353,1.4193548387096775,146.16129032258064,33.54838709677419,18.45483870967742,41213.810000000005,37425.59451612903,17.61935483870968,0.0,0.0,4.960967741935484,0.0,16.193548387096776,11.80967741935484,51.67741935483871,,,,22.664516129032258,11.02258064516129,146.16129032258064,12.138709677419355,6.025806451612904
2011-11-30 00:00:00+00:00,17.303333333333335,0.21333333333333335,15.416666666666666,15.636666666666667,11.966666666666667,22.90666666666667,20.203333333333333,5.5,174.86666666666667,31.706666666666667,13.717666666666666,38375.17366666666,33515.52566666667,10.9,0.4,0.21333333333333335,3.155666666666667,0.0,28.366666666666667,8.793333333333333,61.3,,,,20.066666666666666,10.0,174.86666666666667,10.216666666666667,5.156666666666666
2011-12-31 00:00:00+00:00,14.570967741935483,0.0,16.24838709677419,12.154838709677419,9.458064516129031,20.393548387096775,17.038709677419355,1.8709677419354838,138.67741935483872,32.55483870967742,12.438709677419356,36895.61322580645,31785.027741935482,7.493548387096775,0.0,0.0,2.738064516129032,0.0,26.838709677419356,6.467741935483871,61.61290322580645,,,,20.780645161290323,10.870967741935484,138.67741935483872,11.941935483870967,6.335483870967742
2012-01-31 00:00:00+00:00,12.603225806451613,0.0967741935483871,18.729032258064517,9.306451612903226,7.770967741935484,17.822580645161292,13.758064516129032,10.096774193548388,225.80645161290323,37.39677419354839,12.761935483870968,37623.15645161291,32524.29387096774,4.825806451612903,0.2903225806451613,0.0967741935483871,2.87,0.0,29.225806451612904,3.170967741935484,55.16129032258065,,,,23.770967741935483,12.258064516129032,225.80645161290323,12.464516129032257,6.725806451612903
2012-02-29 00:00:00+00:00,13.596551724137932,0.04827586206896552,18.806896551724137,10.210344827586209,8.044827586206896,19.63448275862069,15.858620689655172,9.275862068965518,194.68965517241378,37.748275862068965,15.700689655172413,40069.90827586207,31789.612068965518,5.106896551724137,0.27586206896551724,0.04827586206896552,3.516896551724138,0.0,47.51724137931034,1.8482758620689657,49.793103448275865,,,,23.810344827586206,12.189655172413794,194.68965517241378,12.075862068965517,6.496551724137931
2012-03-31 00:00:00+00:00,15.725806451612904,0.019354838709677424,20.60967741935484,12.564516129032258,9.403225806451612,22.529032258064515,18.98709677419355,5.032258064516129,161.90322580645162,41.07096774193548,20.812903225806455,43241.238064516125,37730.5964516129,6.896774193548388,0.12903225806451613,0.019354838709677424,4.706451612903226,0.0,22.741935483870968,3.958064516129032,51.54838709677419,,,,27.69677419354839,14.096774193548388,161.90322580645162,15.393548387096773,8.106451612903227
2012-04-30 00:00:00+00:00,22.35666666666667,0.0033333333333333335,19.003333333333334,19.84,14.303333333333335,30.41,28.073333333333334,3.466666666666667,121.06666666666666,37.806666666666665,26.196666666666665,46504.82433333333,42375.742333333335,12.586666666666668,0.03333333333333333,0.0033333333333333335,6.957333333333334,0.0,19.633333333333333,5.02,39.266666666666666,,,,25.759999999999998,12.79,121.06666666666666,14.006666666666666,7.163333333333333
2012-05-31 00:00:00+00:00,25.712903225806453,0.02258064516129032,18.138709677419353,24.65806451612903,17.812903225806455,33.5258064516129,32.57419354838709,4.709677419354839,154.32258064516128,35.31935483870968,27.799354838709675,49228.35548387097,44574.86483870968,17.716129032258067,0.16129032258064516,0.02258064516129032,7.3432258064516125,0.0,15.96774193548387,10.196774193548388,44.193548387096776,,,,24.95483870967742,11.893548387096773,154.32258064516128,14.067741935483872,6.9
2012-06-30 00:00:00+00:00,28.486666666666668,0.0,18.64333333333333,28.89333333333333,20.23,36.54333333333333,36.593333333333334,0.7,186.23333333333332,35.41,29.035,50573.51033333333,46604.87366666667,21.983333333333334,0.0,0.0,7.807666666666666,0.0,3.066666666666667,14.270000000000001,47.96666666666667,,,,24.38,11.536666666666667,186.23333333333332,11.986666666666668,6.233333333333333
2012-07-31 00:00:00+00:00,29.98709677419355,0.0,17.506451612903227,31.532258064516128,22.274193548387096,37.619354838709675,38.458064516129035,1.0,237.0,34.222580645161294,28.188064516129035,49881.291612903224,45089.24548387096,25.48709677419355,0.0,0.0,7.658064516129032,0.0,4.387096774193548,17.074193548387097,52.0,,,,23.516129032258064,10.983870967741936,237.0,10.170967741935485,5.52258064516129
2012-08-31 00:00:00+00:00,29.980645161290322,0.0,16.796774193548387,31.374193548387098,22.580645161290324,37.251612903225805,37.81935483870968,0.6129032258064516,252.58064516129033,33.02903225806452,26.37548387096774,47498.98774193549,43252.186451612906,25.809677419354838,0.0,0.0,7.2700000000000005,0.0,3.096774193548387,16.506451612903227,50.74193548387097,,,,22.374193548387098,10.364516129032259,252.58064516129033,9.380645161290323,5.04516129032258
2012-09-30 00:00:00+00:00,27.096666666666668,0.0,17.48,27.846666666666668,20.126666666666665,34.27333333333333,34.38,1.0666666666666667,170.63333333333333,32.843333333333334,22.866333333333333,44384.00133333333,40859.78766666666,22.23,0.0,0.0,6.1546666666666665,0.0,7.5,15.726666666666667,55.46666666666667,,,,23.38,11.323333333333332,170.63333333333333,11.546666666666665,6.403333333333333
2012-10-31 00:00:00+00:00,25.29032258064516,0.0064516129032258064,15.725806451612904,25.570967741935487,19.10967741935484,31.874193548387098,31.27741935483871,3.193548387096774,144.96774193548387,30.703225806451613,18.080645161290324,41136.59258064516,37574.98225806451,20.716129032258067,0.03225806451612903,0.0064516129032258064,4.869354838709677,0.0,20.129032258064516,14.658064516129032,57.29032258064516,,,,21.361290322580647,10.59032258064516,144.96774193548387,12.258064516129032,6.258064516129032
2012-11-30 00:00:00+00:00,20.85,0.19,15.16,20.186666666666667,15.786666666666667,26.636666666666667,25.05,9.233333333333333,156.46666666666667,30.316666666666666,13.741666666666667,38315.91166666667,32982.835,15.856666666666666,0.23333333333333334,0.19,3.4253333333333336,0.0,39.8,11.993333333333334,61.266666666666666,,,,19.85666666666667,10.063333333333333,156.46666666666667,11.443333333333333,6.056666666666667
2012-12-31 00:00:00+00:00,15.796774193548387,0.0,15.912903225806453,13.316129032258065,10.59032258064516,21.270967741935483,18.148387096774194,2.161290322580645,222.3548387096774,31.335483870967742,12.295483870967743,36886.38322580645,32451.174516129035,8.519354838709678,0.0,0.0,2.940967741935484,0.0,30.387096774193548,5.97741935483871,55.064516129032256,,,,20.438709677419357,10.525806451612903,222.3548387096774,10.754838709677419,5.65483870967742
2013-01-31 00:00:00+00:00,14.183870967741935,0.2064516129032258,17.345161290322583,11.167741935483871,8.77741935483871,20.08709677419355,16.383870967741935,14.67741935483871,200.90322580645162,34.83548387096774,13.634516129032258,37668.6070967742,33773.42419354839,6.119354838709677,0.9032258064516129,0.2064516129032258,3.0703225806451617,0.0,32.774193548387096,3.5483870967741935,53.645161290322584,,,,21.951612903225808,11.148387096774194,200.90322580645162,11.325806451612904,5.551612903225807
2013-02-28 00:00:00+00:00,15.785714285714286,0.03571428571428571,16.571428571428573,13.010714285714286,9.285714285714286,22.407142857142855,19.260714285714283,3.9642857142857144,200.14285714285714,33.81071428571429,17.298928571428572,40093.137142857144,35177.60464285714,7.021428571428571,0.14285714285714285,0.03571428571428571,3.9071428571428575,0.0,35.0,3.6,49.67857142857143,,,,20.907142857142855,10.346428571428572,200.14285714285714,9.775,4.996428571428572
2013-03-31 00:00:00+00:00,19.483870967741936,0.0,20.1,16.59032258064516,12.12258064516129,27.26774193548387,24.096774193548388,2.193548387096774,170.16129032258064,40.26129032258064,22.629677419354838,43215.467741935485,39855.372903225805,9.974193548387097,0.0,0.0,5.8261290322580646,0.0,24.741935483870968,4.319354838709677,43.45161290322581,,,,26.503225806451614,13.316129032258065,170.16129032258064,12.916129032258064,6.725806451612903
2013-04-30 00:00:00+00:00,20.853333333333335,0.0,20.573333333333334,18.436666666666667,13.19,28.4,25.68,1.9,165.16666666666666,40.92666666666666,25.758,46479.011000000006,42984.18033333333,11.656666666666666,0.0,0.0,6.534666666666666,0.0,18.533333333333335,5.963333333333334,45.233333333333334,,,,26.8,13.223333333333333,165.16666666666666,13.0,6.8933333333333335
2013-05-31 00:00:00+00:00,26.532258064516128,0.009677419354838712,19.79032258064516,25.29032258064516,18.258064516129032,34.71612903225807,33.18709677419355,4.67741935483871,140.80645161290323,38.770967741935486,27.66741935483871,49210.95580645161,44226.26774193549,18.17096774193548,0.06451612903225806,0.009677419354838712,7.7374193548387105,0.0,13.612903225806452,9.841935483870968,42.096774193548384,,,,26.006451612903227,12.658064516129032,140.80645161290323,12.53225806451613,6.699999999999999
2013-06-30 00:00:00+00:00,27.95,0.0,18.946666666666665,27.753333333333334,19.996666666666666,35.86333333333334,35.28,0.9333333333333333,264.3,36.97,28.874666666666666,50569.707,46442.995,21.183333333333334,0.0,0.0,7.901666666666667,0.0,5.2,12.97,46.7,,,,26.009999999999998,12.556666666666667,264.3,12.136666666666667,6.4766666666666675
2013-07-31 00:00:00+00:00,27.690322580645162,0.0,18.61935483870968,28.712903225806453,20.374193548387098,35.306451612903224,35.73225806451613,1.7096774193548387,293.96774193548384,35.44516129032258,28.066129032258065,49894.67064516129,44826.43870967742,22.861290322580647,0.0,0.0,7.288387096774193,0.0,8.903225806451612,16.170967741935485,55.70967741935484,,,,24.835483870967742,11.851612903225806,293.96774193548384,10.687096774193549,5.867741935483871
2013-08-31 00:00:00+00:00,28.870967741935484,0.0,17.04516129032258,30.348387096774193,21.335483870967742,36.49354838709677,37.02258064516129,1.2258064516129032,299.64516129032256,32.84193548387097,26.325161290322583,47521.52903225806,43156.664516129036,24.403225806451612,0.0,0.0,7.022258064516129,0.0,7.129032258064516,16.748387096774195,54.483870967741936,,,,22.135483870967743,10.287096774193548,299.64516129032256,8.816129032258065,4.467741935483871
2013-09-30 00:00:00+00:00,27.086666666666666,0.0,18.61,27.566666666666666,20.42,34.31333333333334,33.973333333333336,0.7666666666666667,237.86666666666667,36.55,22.73033333333333,44410.47633333333,41146.65033333333,22.2,0.0,0.0,6.307333333333333,0.0,5.666666666666667,15.21,53.333333333333336,,,,24.003333333333334,11.56,237.86666666666667,10.313333333333333,5.573333333333333
2013-10-31 00:00:00+00:00,22.948387096774194,0.0032258064516129032,18.716129032258067,21.870967741935484,16.845161290322583,29.858064516129033,27.94193548387097,2.5483870967741935,133.0,36.87096774193548,18.908709677419353,41161.2235483871,37701.42225806452,16.84193548387097,0.03225806451612903,0.0032258064516129032,5.1738709677419354,0.0,8.935483870967742,11.780645161290321,54.516129032258064,,,,26.051612903225806,13.119354838709677,133.0,14.787096774193548,8.329032258064515
2013-11-30 00:00:00+00:00,20.84333333333333,0.03666666666666667,15.19,19.783333333333335,15.479999999999999,26.876666666666665,24.933333333333334,5.8,152.0,30.763333333333332,13.532333333333334,38335.339,32834.86666666667,15.06,0.1,0.03666666666666667,3.637,0.0,37.3,10.78,58.43333333333333,,,,20.56,10.323333333333332,152.0,11.343333333333334,5.72
2013-12-31 00:00:00+00:00,14.770967741935483,0.06774193548387097,16.996774193548386,12.151612903225805,9.583870967741936,20.393548387096775,16.983870967741936,8.419354838709678,205.25806451612902,33.78064516129032,12.038064516129033,36890.03967741936,31563.78516129032,7.27741935483871,0.3548387096774194,0.06774193548387097,2.7890322580645157,0.0,31.516129032258064,5.203225806451614,56.54838709677419,,,,21.11935483870968,10.864516129032259,205.25806451612902,10.851612903225806,5.690322580645161
2014-01-31 00:00:00+00:00,14.929032258064517,0.0967741935483871,14.180645161290323,12.658064516129032,8.948387096774193,21.31935483870968,18.32903225806452,5.580645161290323,155.80645161290323,29.403225806451612,13.714516129032258,37652.90709677419,33618.91451612903,6.983870967741935,0.2903225806451613,0.0967741935483871,2.908709677419355,0.0,35.483870967741936,5.651612903225806,58.903225806451616,,,,18.093548387096774,9.074193548387097,155.80645161290323,8.619354838709677,4.470967741935484
2014-02-28 00:00:00+00:00,15.653571428571428,0.14285714285714285,17.717857142857145,13.207142857142857,9.789285714285715,22.05,19.150000000000002,5.071428571428571,139.96428571428572,35.482142857142854,16.621785714285714,40069.993214285714,35373.301785714284,7.7821428571428575,0.42857142857142855,0.14285714285714285,3.6182142857142856,0.0,21.964285714285715,6.353571428571429,58.67857142857143,,,,23.150000000000002,11.667857142857143,139.96428571428572,12.217857142857143,6.228571428571429
2014-03-31 00:00:00+00:00,18.583870967741937,0.03225806451612903,19.280645161290323,15.864516129032259,11.648387096774194,25.80322580645161,22.825806451612905,8.064516129032258,157.09677419354838,38.04838709677419,20.84,43188.14612903226,38217.10967741935,9.638709677419355,0.25806451612903225,0.03225806451612903,5.190322580645161,0.0,22.0,4.996774193548387,47.70967741935484,,,,25.970967741935485,12.958064516129031,157.09677419354838,13.135483870967741,6.538709677419354
2014-04-30 00:00:00+00:00,22.073333333333334,0.01,18.283333333333335,20.28666666666667,14.78,29.75,28.226666666666667,3.5,141.8,35.99333333333333,25.441333333333333,46455.091,41566.82166666666,13.626666666666667,0.03333333333333333,0.01,6.359333333333334,0.0,28.1,7.966666666666667,46.766666666666666,,,,25.389999999999997,12.273333333333333,141.8,14.78,6.996666666666667
2014-05-31 00:00:00+00:00,25.80322580645161,0.0032258064516129032,19.08709677419355,24.58709677419355,18.34193548387097,33.193548387096776,32.016129032258064,3.3870967741935485,146.96774193548387,37.351612903225806,26.706129032258065,49192.75838709677,43033.10161290322,17.983870967741936,0.03225806451612903,0.0032258064516129032,7.259677419354839,0.0,26.516129032258064,9.912903225806453,43.12903225806452,,,,25.603225806451615,12.238709677419354,146.96774193548387,14.33548387096774,6.780645161290322
2014-06-30 00:00:00+00:00,28.003333333333334,0.0,19.776666666666664,27.69333333333333,20.14333333333333,35.87,35.27333333333333,1.1,171.66666666666666,38.230000000000004,28.713666666666665,50566.552,46237.29433333334,21.123333333333335,0.0,0.0,8.049333333333333,0.0,7.933333333333334,12.83,45.56666666666667,,,,26.383333333333333,12.586666666666668,171.66666666666666,12.453333333333335,6.236666666666666
2014-07-31 00:00:00+00:00,28.60967741935484,0.0,17.664516129032258,29.806451612903224,21.074193548387097,36.329032258064515,36.84838709677419,1.1290322580645162,250.16129032258064,34.770967741935486,28.279354838709676,49907.95387096774,45106.47774193549,23.706451612903226,0.0,0.0,7.46,0.0,6.193548387096774,16.383870967741935,53.354838709677416,,,,23.719354838709677,11.096774193548388,250.16129032258064,9.864516129032259,5.203225806451614
2014-08-31 00:00:00+00:00,29.306451612903224,0.0,17.493548387096773,30.95483870967742,21.903225806451612,36.87419354838709,37.645161290322584,1.3225806451612903,262.48387096774195,33.89677419354839,26.23516129032258,47542.96838709678,43276.14129032259,25.06451612903226,0.0,0.0,7.061935483870967,0.0,6.225806451612903,17.251612903225805,54.45161290322581,,,,22.403225806451612,10.461290322580645,262.48387096774195,9.180645161290322,4.893548387096774
2014-09-30 00:00:00+00:00,27.876666666666665,0.0,17.486666666666668,28.636666666666667,21.123333333333335,34.57333333333334,34.64333333333333,0.7333333333333333,221.53333333333333,34.19666666666667,22.540666666666667,44436.98566666667,41147.807,23.246666666666666,0.0,0.0,6.239999999999999,0.0,6.2,15.596666666666666,52.0,,,,22.666666666666668,10.613333333333333,221.53333333333333,9.733333333333333,4.923333333333333
2014-10-31 00:00:00+00:00,23.948387096774194,0.0,16.141935483870967,23.596774193548388,17.64516129032258,30.37741935483871,29.27741935483871,1.1935483870967742,208.25806451612902,32.535483870967745,18.156129032258065,41185.422580645165,37391.343870967736,18.358064516129033,0.0,0.0,4.745161290322581,0.0,11.32258064516129,12.541935483870969,53.806451612903224,,,,21.06451612903226,10.038709677419355,208.25806451612902,10.47741935483871,5.396774193548388
2014-11-30 00:00:00+00:00,19.583333333333332,0.0033333333333333335,16.4,18.256666666666668,13.936666666666667,25.39,22.92,4.033333333333333,175.6,33.39,13.282333333333334,38355.23766666667,32458.387333333332,13.33,0.03333333333333333,0.0033333333333333335,3.4376666666666664,0.0,34.5,10.246666666666666,59.6,,,,21.146666666666665,10.666666666666666,175.6,10.343333333333334,5.683333333333334
2014-12-31 00:00:00+00:00,16.738709677419354,0.00967741935483871,14.006451612903225,14.63225806451613,11.251612903225807,22.82903225806452,19.9741935483871,3.5806451612903225,161.61290322580646,28.648387096774194,12.58516129032258,36892.768709677424,32281.361290322584,9.55483870967742,0.06451612903225806,0.00967741935483871,2.9293548387096773,0.0,28.774193548387096,6.541935483870968,55.58064516129032,,,,18.251612903225805,9.27741935483871,161.61290322580646,9.603225806451613,4.732258064516128
2015-01-31 00:00:00+00:00,13.66451612903226,0.07096774193548387,18.835483870967742,10.251612903225807,8.503225806451614,19.17096774193548,15.187096774193549,10.193548387096774,190.1290322580645,36.68064516129032,13.138709677419355,37638.65096774193,31399.319032258067,5.393548387096774,0.2903225806451613,0.07096774193548387,3.1519354838709677,0.0,42.67741935483871,2.074193548387097,50.096774193548384,,,,23.858064516129033,12.33548387096774,190.1290322580645,13.161290322580646,6.858064516129032
2015-02-28 00:00:00+00:00,14.492857142857144,0.1142857142857143,18.45357142857143,11.303571428571429,8.757142857142856,20.385714285714283,16.889285714285712,9.392857142857142,209.21428571428572,36.05714285714286,15.637857142857143,40046.46,32199.725714285716,5.917857142857143,0.39285714285714285,0.1142857142857143,3.610357142857143,0.0,37.142857142857146,2.932142857142857,50.214285714285715,,,,23.735714285714288,12.035714285714286,209.21428571428572,11.935714285714285,6.285714285714286
2015-03-31 00:00:00+00:00,18.296774193548387,0.016129032258064516,18.506451612903227,15.870967741935484,11.53225806451613,25.261290322580646,22.70967741935484,3.774193548387097,145.48387096774192,36.880645161290325,21.03451612903226,43160.86161290322,38393.68451612903,9.76774193548387,0.0967741935483871,0.016129032258064516,4.943225806451613,0.0,35.03225806451613,6.280645161290323,51.064516129032256,,,,25.029032258064515,12.5,145.48387096774192,12.670967741935485,6.787096774193548
2015-04-30 00:00:00+00:00,20.296666666666667,0.02,19.86,17.913333333333334,12.943333333333333,27.790000000000003,25.30666666666667,4.433333333333334,216.23333333333332,39.14,25.673000000000002,46430.74966666666,42626.208333333336,11.31,0.1,0.02,6.230333333333333,0.0,12.833333333333334,5.823333333333333,45.6,,,,25.976666666666667,12.74,216.23333333333332,12.726666666666667,6.819999999999999
2015-05-31 00:00:00+00:00,25.103225806451615,0.041935483870967745,19.40967741935484,23.993548387096773,17.432258064516127,32.9741935483871,31.683870967741935,4.580645161290323,174.32258064516128,38.377419354838715,28.046451612903226,49174.39806451613,44623.84290322581,17.26774193548387,0.12903225806451613,0.041935483870967745,7.327419354838709,0.0,12.193548387096774,10.229032258064517,45.74193548387097,,,,25.86774193548387,12.316129032258065,174.32258064516128,13.006451612903225,6.370967741935484
2015-06-30 00:00:00+00:00,26.78666666666667,0.0,19.916666666666668,26.633333333333333,19.30666666666667,34.21,33.77,0.7666666666666667,214.16666666666666,38.47666666666667,28.744333333333334,50563.779,46430.83466666667,20.403333333333332,0.0,0.0,7.546333333333333,0.0,6.033333333333333,13.133333333333333,48.333333333333336,,,,25.896666666666665,12.073333333333332,214.16666666666666,12.046666666666665,5.91
2015-07-31 00:00:00+00:00,28.983870967741936,0.0,18.112903225806452,29.893548387096775,21.1,36.67741935483871,37.02258064516129,1.096774193548387,235.19354838709677,34.89677419354839,28.31967741935484,49920.52451612903,45156.320967741936,23.55806451612903,0.0,0.0,7.595806451612903,0.0,5.612903225806452,15.448387096774193,50.516129032258064,,,,23.538709677419355,11.106451612903227,235.19354838709677,10.8,5.790322580645161
2015-08-31 00:00:00+00:00,31.09032258064516,0.0,18.26774193548387,32.54838709677419,23.835483870967742,38.36129032258064,39.23870967741936,0.8064516129032258,139.8709677419355,35.458064516129035,26.141935483870967,47566.38806451613,43106.68709677419,26.85483870967742,0.0,0.0,7.700967741935483,0.0,4.451612903225806,17.48709677419355,49.74193548387097,,,,24.91290322580645,12.245161290322581,139.8709677419355,12.383870967741935,7.0
2015-09-30 00:00:00+00:00,29.706666666666667,0.0,18.44,30.53666666666667,22.46333333333333,37.086666666666666,37.156666666666666,0.9333333333333333,71.73333333333333,35.85333333333333,22.793666666666663,44462.81066666667,41189.20366666667,24.853333333333335,0.0,0.0,6.797,0.0,6.633333333333334,16.193333333333335,49.86666666666667,,,,24.66,12.176666666666668,71.73333333333333,13.516666666666667,7.113333333333333
2015-10-31 00:00:00+00:00,25.41290322580645,0.035483870967741936,17.73548387096774,25.73225806451613,19.683870967741935,31.583870967741937,31.093548387096774,5.354838709677419,125.03225806451613,34.42580645161291,17.358064516129033,41211.59870967742,37219.31419354839,21.038709677419355,0.0967741935483871,0.035483870967741936,4.812258064516129,0.0,27.258064516129032,15.270967741935483,57.774193548387096,,,,23.34193548387097,11.616129032258065,125.03225806451613,13.035483870967743,7.048387096774194
2015-11-30 00:00:00+00:00,20.05,0.41000000000000003,16.216666666666665,19.38,15.573333333333332,25.55,23.866666666666667,14.433333333333334,191.96666666666667,32.25,12.961666666666668,38373.306666666664,32330.120333333332,15.58,0.8333333333333334,0.41000000000000003,3.1670000000000003,0.0,39.03333333333333,12.536666666666667,65.7,,,,21.453333333333333,10.816666666666666,191.96666666666667,12.613333333333335,6.53
2015-12-31 00:00:00+00:00,15.316129032258065,0.0774193548387097,17.151612903225807,13.116129032258065,10.451612903225806,20.664516129032258,17.280645161290323,5.064516129032258,194.19354838709677,34.0258064516129,11.579032258064515,36896.0164516129,32191.959032258063,8.80967741935484,0.3225806451612903,0.0774193548387097,2.6861290322580644,0.0,30.29032258064516,7.47741935483871,62.74193548387097,,,,21.200000000000003,10.993548387096775,194.19354838709677,10.7,5.738709677419355
2016-01-31 00:00:00+00:00,13.138709677419355,0.17419354838709677,17.651612903225807,10.096774193548388,8.345161290322581,18.43548387096774,14.654838709677419,11.516129032258064,176.80645161290323,34.54516129032258,12.797096774193548,37625.66935483871,32250.701612903227,5.554838709677419,0.6451612903225806,0.17419354838709677,2.8851612903225807,0.0,27.258064516129032,3.838709677419355,56.83870967741935,,,,22.338709677419356,11.612903225806452,176.80645161290323,11.996774193548386,6.47741935483871
2016-02-29 00:00:00+00:00,16.79310344827586,0.010344827586206896,17.07241379310345,14.20344827586207,10.406896551724138,23.71379310344828,20.637931034482758,3.5517241379310347,205.41379310344828,33.84827586206897,16.92655172413793,40072.52275862069,35168.88310344827,8.33448275862069,0.06896551724137931,0.010344827586206896,3.98551724137931,0.0,24.79310344827586,5.368965517241379,52.241379310344826,,,,22.613793103448273,11.386206896551723,205.41379310344828,12.055172413793104,6.227586206896552
2016-03-31 00:00:00+00:00,19.241935483870968,0.0935483870967742,19.76451612903226,16.383870967741935,12.87741935483871,26.16774193548387,23.08709677419355,6.903225806451613,183.38709677419354,39.13870967741936,20.18290322580645,43244.760322580645,36281.881290322584,10.558064516129033,0.3870967741935484,0.0935483870967742,5.3025806451612905,0.0,36.0,4.65483870967742,44.45161290322581,,,,26.33225806451613,13.103225806451613,183.38709677419354,12.696774193548388,6.706451612903226
2016-04-30 00:00:00+00:00,24.12,0.0,18.86,21.983333333333334,16.066666666666666,32.61,30.566666666666666,1.7666666666666666,114.46666666666667,36.90333333333333,25.697,46507.056333333334,42094.02733333334,14.753333333333334,0.0,0.0,7.082333333333334,0.0,15.5,6.989999999999999,40.5,,,,26.53666666666667,13.073333333333332,114.46666666666667,15.276666666666667,7.493333333333334
2016-05-31 00:00:00+00:00,25.845161290322583,0.0,20.364516129032257,24.42258064516129,18.12258064516129,33.62580645161291,32.4741935483871,1.7741935483870968,180.06451612903226,40.303225806451614,28.142258064516128,49230.0564516129,44566.1235483871,17.664516129032258,0.0,0.0,7.716774193548387,0.0,20.483870967741936,9.525806451612903,41.38709677419355,,,,26.89032258064516,12.95483870967742,180.06451612903226,13.32258064516129,6.458064516129032
2016-06-30 00:00:00+00:00,30.216666666666665,0.0033333333333333335,18.883333333333333,30.05,21.753333333333334,38.50333333333333,38.276666666666664,2.6333333333333333,174.63333333333333,36.406666666666666,28.987666666666666,50573.08966666667,46510.924333333336,22.826666666666664,0.03333333333333333,0.0033333333333333335,8.434666666666667,0.0,6.8,12.76,40.86666666666667,,,,25.633333333333333,12.323333333333332,174.63333333333333,13.26,6.443333333333333
2016-07-31 00:00:00+00:00,29.451612903225808,0.0,18.348387096774193,30.761290322580646,22.12258064516129,36.90967741935484,37.71290322580645,0.9032258064516129,270.9032258064516,35.432258064516134,28.186774193548384,49879.360322580644,45111.987096774195,25.070967741935487,0.0,0.0,7.594838709677419,0.0,5.451612903225806,16.6,51.774193548387096,,,,24.129032258064516,11.112903225806452,270.9032258064516,10.490322580645161,5.261290322580645
2016-08-31 00:00:00+00:00,29.26774193548387,0.0,17.429032258064513,30.641935483870967,21.874193548387098,36.483870967741936,37.15483870967742,0.8709677419354839,245.38709677419354,33.63225806451613,26.291935483870965,47496.794516129026,43141.310967741934,24.816129032258065,0.0,0.0,7.158709677419354,0.0,4.387096774193548,16.80322580645161,52.58064516129032,,,,23.24516129032258,10.932258064516128,245.38709677419354,10.174193548387096,5.335483870967742
2016-09-30 00:00:00+00:00,27.796666666666667,0.0,18.709999999999997,28.31,20.96333333333333,34.84666666666667,34.59,0.9,125.96666666666667,36.1,22.709666666666667,44381.329000000005,41041.831,22.976666666666667,0.0,0.0,6.461,0.0,6.1,15.443333333333333,52.13333333333333,,,,24.73,12.07,125.96666666666667,11.333333333333334,6.386666666666667
2016-10-31 00:00:00+00:00,24.91290322580645,0.0,17.203225806451613,25.10967741935484,18.94193548387097,31.66774193548387,30.9,1.935483870967742,82.48387096774194,33.061290322580646,18.15258064516129,41134.55741935484,37198.63354838709,20.338709677419356,0.0,0.0,4.960967741935484,0.0,19.903225806451612,15.135483870967741,59.61290322580645,,,,24.22258064516129,12.183870967741935,82.48387096774194,14.129032258064516,8.009677419354839
2016-11-30 00:00:00+00:00,20.02,0.01,16.08,18.459999999999997,14.386666666666667,26.263333333333332,23.88,4.0,138.9,32.01,14.396333333333333,38314.415,33830.867333333335,13.436666666666667,0.06666666666666667,0.01,3.7359999999999998,0.0,40.233333333333334,9.28,54.53333333333333,,,,21.953333333333333,11.213333333333333,138.9,12.553333333333335,6.703333333333333
2016-12-31 00:00:00+00:00,14.241935483870968,0.1032258064516129,17.177419354838708,11.574193548387097,9.564516129032258,19.40967741935484,15.935483870967742,5.32258064516129,196.38709677419354,34.28387096774193,12.240322580645161,36886.681935483866,32629.839032258064,7.319354838709677,0.3225806451612903,0.1032258064516129,2.747741935483871,0.0,24.580645161290324,5.403225806451613,57.903225806451616,,,,21.780645161290323,11.051612903225807,196.38709677419354,11.170967741935485,6.129032258064516
2017-01-31 00:00:00+00:00,13.206451612903225,0.1,18.177419354838708,10.219354838709679,8.629032258064516,18.44516129032258,14.82258064516129,5.483870967741935,156.93548387096774,33.10645161290322,13.248709677419354,37670.1735483871,32491.632258064514,5.938709677419355,0.3548387096774194,0.1,2.8651612903225807,0.0,37.58064516129032,4.04516129032258,56.903225806451616,,,,20.864516129032257,11.464516129032257,156.93548387096774,10.583870967741936,5.638709677419355
2017-02-28 00:00:00+00:00,14.467857142857143,0.15357142857142855,19.282142857142855,11.664285714285715,9.507142857142856,20.407142857142855,17.035714285714285,12.321428571428571,141.64285714285714,34.825,16.58857142857143,40095.68,34464.41785714286,7.232142857142857,0.7857142857142857,0.15357142857142855,3.5300000000000002,0.0,22.535714285714285,4.860714285714286,57.214285714285715,,,,22.489285714285717,12.025,141.64285714285714,10.989285714285714,5.328571428571428
2017-03-31 00:00:00+00:00,18.483870967741936,0.1064516129032258,19.970967741935485,15.96774193548387,13.141935483870967,24.532258064516128,21.929032258064513,11.548387096774194,190.8709677419355,36.71612903225807,21.408709677419353,43218.37193548387,38656.782258064515,11.174193548387096,0.41935483870967744,0.1064516129032258,5.04741935483871,0.0,25.129032258064516,5.732258064516128,47.96774193548387,,,,23.851612903225806,12.45483870967742,190.8709677419355,11.106451612903227,5.348387096774194
2017-04-30 00:00:00+00:00,21.89,0.09333333333333332,21.7,19.413333333333334,15.43,28.71333333333333,26.506666666666668,9.866666666666667,132.9,39.17333333333333,25.26833333333333,46481.68933333333,40758.22633333333,13.58,0.5333333333333333,0.09333333333333332,6.662999999999999,0.0,20.333333333333332,6.583333333333333,43.43333333333333,,,,27.456666666666667,14.59,132.9,15.173333333333334,7.8933333333333335
2017-05-31 00:00:00+00:00,26.429032258064513,0.0032258064516129032,21.629032258064516,24.893548387096775,19.448387096774194,33.57419354838709,32.3,2.870967741935484,164.70967741935485,39.34516129032258,27.95709677419355,49212.82193548387,44654.18451612903,18.903225806451612,0.03225806451612903,0.0032258064516129032,7.912903225806452,0.0,10.838709677419354,9.358064516129032,40.12903225806452,,,,26.322580645161292,13.735483870967743,164.70967741935485,13.819354838709677,6.66774193548387
2017-06-30 00:00:00+00:00,29.453333333333333,0.0,21.38,29.086666666666666,22.163333333333334,36.54666666666667,36.28,0.5,139.13333333333333,36.81666666666667,28.886000000000003,50569.68633333334,46484.57133333333,23.283333333333335,0.0,0.0,8.417,0.0,2.1,12.786666666666667,41.4,,,,25.43,13.116666666666667,139.13333333333333,12.889999999999999,6.753333333333333
2017-07-31 00:00:00+00:00,31.177419354838708,0.0,20.416129032258063,32.27741935483871,24.48709677419355,38.04838709677419,38.87096774193548,0.8064516129032258,202.06451612903226,34.70322580645161,28.26290322580645,49893.00129032258,45181.32193548387,27.15806451612903,0.0,0.0,8.091290322580646,0.0,4.419354838709677,16.322580645161292,46.45161290322581,,,,23.958064516129035,12.01290322580645,202.06451612903226,13.77741935483871,7.261290322580645
2017-08-31 00:00:00+00:00,30.561290322580643,0.0,19.532258064516128,32.14193548387097,24.700000000000003,36.596774193548384,37.87419354838709,0.6451612903225806,190.41935483870967,34.95161290322581,26.370967741935484,47518.70548387097,43210.2864516129,27.835483870967742,0.0,0.0,7.3748387096774195,0.0,2.935483870967742,17.44516129032258,49.54838709677419,,,,22.958064516129035,11.351612903225806,190.41935483870967,11.69032258064516,6.080645161290323
2017-09-30 00:00:00+00:00,27.946666666666665,0.0,19.94333333333333,28.603333333333335,22.13,34.45,34.656666666666666,1.1,181.96666666666667,35.016666666666666,22.884666666666664,44407.67333333333,40947.634666666665,24.290000000000003,0.0,0.0,6.490666666666667,0.0,8.5,15.926666666666668,52.3,,,,23.736666666666668,12.316666666666666,181.96666666666667,12.553333333333335,6.823333333333334
2017-10-31 00:00:00+00:00,24.22258064516129,0.0,18.419354838709676,23.506451612903227,19.148387096774194,29.848387096774193,28.593548387096774,1.032258064516129,225.19354838709677,33.55483870967742,18.36032258064516,41158.32161290322,37619.724516129034,19.358064516129033,0.0,0.0,5.01,0.0,6.870967741935484,11.95483870967742,50.225806451612904,,,,20.983870967741936,10.870967741935484,225.19354838709677,9.587096774193547,5.103225806451612
2017-11-30 00:00:00+00:00,19.303333333333335,0.03666666666666667,17.333333333333332,17.84333333333333,14.636666666666667,24.696666666666665,22.303333333333335,5.766666666666667,180.43333333333334,31.1,13.802666666666665,38333.59133333333,32517.197,13.726666666666667,0.1,0.03666666666666667,3.414333333333333,0.0,31.133333333333333,9.636666666666667,56.9,,,,19.323333333333334,10.379999999999999,180.43333333333334,9.023333333333333,4.783333333333333
2017-12-31 00:00:00+00:00,16.848387096774193,0.03225806451612903,16.793548387096774,15.074193548387097,12.616129032258065,22.05806451612903,19.606451612903225,8.709677419354838,166.03225806451613,30.05483870967742,11.064838709677419,36889.73645161291,28088.667096774196,11.061290322580644,0.22580645161290322,0.03225806451612903,2.6719354838709677,0.0,53.58064516129032,9.048387096774194,62.516129032258064,,,,19.85483870967742,11.100000000000001,166.03225806451613,10.332258064516129,5.929032258064517
2018-01-31 00:00:00+00:00,14.422580645161291,0.3096774193548387,20.287096774193547,11.53225806451613,10.183870967741935,19.29032258064516,15.758064516129032,15.03225806451613,177.32258064516128,35.751612903225805,12.01290322580645,37654.55451612903,30960.176774193547,7.467741935483871,1.0,0.3096774193548387,2.9219354838709677,0.0,34.516129032258064,5.97741935483871,59.32258064516129,,,,23.66774193548387,13.274193548387096,177.32258064516128,12.02258064516129,6.561290322580645
2018-02-28 00:00:00+00:00,17.857142857142858,0.3678571428571429,16.62857142857143,15.560714285714285,12.799999999999999,23.646428571428572,20.985714285714288,20.928571428571427,163.71428571428572,29.875,14.946071428571429,40072.801785714284,32291.15392857143,10.842857142857143,0.8571428571428571,0.3678571428571429,3.7489285714285714,0.0,50.75,6.035714285714286,50.42857142857143,,,,19.275000000000002,10.167857142857143,163.71428571428572,8.696428571428571,3.982142857142857
2018-03-31 00:00:00+00:00,21.416129032258063,0.016129032258064516,20.429032258064513,18.861290322580647,15.116129032258065,28.164516129032258,25.54516129032258,3.4516129032258065,147.96774193548387,35.70967741935484,20.681935483870966,43190.838387096774,36656.19096774193,12.980645161290322,0.0967741935483871,0.016129032258064516,5.698387096774193,0.0,28.06451612903226,5.309677419354839,40.903225806451616,,,,23.461290322580645,12.441935483870967,147.96774193548387,11.358064516129033,5.729032258064516
2018-04-30 00:00:00+00:00,23.44,0.060000000000000005,20.59,21.290000000000003,17.063333333333333,30.30666666666667,28.3,6.933333333333334,169.3,36.45333333333333,24.08,46457.943,41243.77099999999,15.71,0.2,0.060000000000000005,6.64,0.0,22.066666666666666,7.0600000000000005,40.6,,,,24.52,12.696666666666665,169.3,12.116666666666667,6.29
2018-05-31 00:00:00+00:00,27.970967741935485,0.061290322580645165,22.04516129032258,26.62258064516129,21.38064516129032,34.89354838709678,33.49032258064516,5.258064516129032,155.4516129032258,39.61612903225806,25.18064516129032,49194.56129032258,39949.181935483866,21.15806451612903,0.12903225806451613,0.061290322580645165,7.67741935483871,0.0,27.387096774193548,10.119354838709677,39.41935483870968,,,,26.11935483870968,13.506451612903225,155.4516129032258,14.025806451612903,6.609677419354839
2018-06-30 00:00:00+00:00,29.92,0.01,22.9,29.55,23.3,36.44666666666667,36.21,2.2333333333333334,187.5,39.45,28.208666666666666,50567.01,45721.91066666667,24.256666666666668,0.06666666666666667,0.01,8.389999999999999,0.0,4.766666666666667,12.806666666666667,40.2,,,,25.776666666666667,13.133333333333333,187.5,13.203333333333335,6.623333333333333
2018-07-31 00:00:00+00:00,30.548387096774192,0.016129032258064516,20.103225806451615,31.799999999999997,24.10967741935484,37.07419354838709,38.08387096774193,3.7096774193548385,297.5806451612903,35.20645161290323,28.313548387096777,49906.654516129034,45063.36580645161,26.858064516129033,0.16129032258064516,0.016129032258064516,7.8990322580645165,0.0,4.741935483870968,16.65806451612903,48.225806451612904,,,,23.596774193548388,11.738709677419354,297.5806451612903,11.600000000000001,5.861290322580645
2018-08-31 00:00:00+00:00,30.293548387096774,0.0032258064516129032,20.787096774193547,31.903225806451612,24.387096774193548,36.45161290322581,37.777419354838706,2.5161290322580645,235.58064516129033,35.91290322580645,26.155806451612904,47540.70129032258,43263.58,27.74516129032258,0.03225806451612903,0.0032258064516129032,7.352903225806451,0.0,4.451612903225806,17.70967741935484,51.193548387096776,,,,23.358064516129033,11.680645161290323,235.58064516129033,11.30967741935484,6.035483870967742
2018-09-30 00:00:00+00:00,28.686666666666667,0.010000000000000002,20.10666666666667,29.726666666666667,23.113333333333333,34.769999999999996,35.36,4.633333333333334,144.5,35.28333333333333,22.565,44434.535,40332.282666666666,25.686666666666667,0.06666666666666667,0.010000000000000002,6.4093333333333335,0.0,11.233333333333333,16.663333333333334,52.46666666666667,,,,23.203333333333333,11.903333333333334,144.5,12.889999999999999,7.196666666666667
2018-10-31 00:00:00+00:00,25.032258064516128,0.05483870967741936,19.89032258064516,24.61935483870968,19.90967741935484,30.85483870967742,29.66774193548387,4.935483870967742,144.41935483870967,35.20645161290323,17.615161290322582,41183.00032258064,36382.51451612903,20.55806451612903,0.12903225806451613,0.05483870967741936,5.121290322580645,0.0,21.64516129032258,13.12258064516129,51.61290322580645,,,,22.429032258064513,11.874193548387098,144.41935483870967,10.825806451612904,5.95483870967742
2018-11-30 00:00:00+00:00,20.566666666666666,0.09000000000000001,16.113333333333333,19.52,15.906666666666666,25.83,23.93,15.266666666666667,151.63333333333333,29.05666666666667,13.643333333333334,38353.225666666665,33245.99966666666,15.526666666666667,0.7,0.09000000000000001,3.4823333333333335,0.0,28.8,10.696666666666665,57.03333333333333,,,,18.073333333333334,9.546666666666665,151.63333333333333,8.446666666666667,4.27
2018-12-31 00:00:00+00:00,15.790322580645162,0.24193548387096775,17.799999999999997,13.441935483870967,11.8,20.370967741935484,17.296774193548387,12.290322580645162,193.1290322580645,32.41612903225806,10.782580645161291,36892.044516129026,29711.490322580645,9.667741935483871,0.7419354838709677,0.24193548387096775,2.692258064516129,0.0,39.54838709677419,7.316129032258065,59.483870967741936,,,,20.938709677419357,11.674193548387096,193.1290322580645,10.48709677419355,5.764516129032257
2019-01-31 00:00:00+00:00,13.37741935483871,0.016129032258064516,21.135483870967743,9.490322580645161,8.658064516129032,18.596774193548388,14.17741935483871,3.7096774193548385,185.38709677419354,37.03225806451613,13.36741935483871,37640.487096774195,32729.557741935485,4.964516129032258,0.06451612903225806,0.016129032258064516,3.3890322580645162,0.0,23.032258064516128,1.3,46.74193548387097,,,,24.758064516129032,14.096774193548388,185.38709677419354,13.593548387096773,7.800000000000001
2019-02-28 00:00:00+00:00,14.87142857142857,0.31428571428571433,18.807142857142857,11.896428571428572,9.835714285714285,20.385714285714283,16.75,16.214285714285715,214.53571428571428,35.02142857142857,15.069999999999999,40049.34357142857,33862.3425,7.210714285714286,1.1428571428571428,0.31428571428571433,3.514642857142857,0.0,27.142857142857142,4.175,52.892857142857146,,,,21.978571428571428,11.846428571428572,214.53571428571428,9.896428571428572,5.110714285714286
2019-03-31 00:00:00+00:00,17.041935483870965,0.29354838709677417,21.538709677419355,14.19032258064516,11.76774193548387,22.89032258064516,19.467741935483872,16.548387096774192,162.25806451612902,38.86129032258064,18.983548387096775,43164.40806451612,35431.2235483871,9.55483870967742,1.2258064516129032,0.29354838709677417,4.5441935483870965,0.0,29.64516129032258,5.670967741935484,52.225806451612904,,,,25.94516129032258,14.09032258064516,162.25806451612902,12.135483870967741,6.580645161290323
2019-04-30 00:00:00+00:00,20.65666666666667,0.27666666666666667,22.1,18.123333333333335,14.616666666666667,27.023333333333333,24.336666666666666,7.166666666666667,177.56666666666666,38.690000000000005,22.700333333333333,46434.20933333333,38882.96633333333,12.856666666666666,0.5,0.27666666666666667,6.008333333333334,0.0,25.4,6.323333333333333,45.06666666666667,,,,25.973333333333333,13.9,177.56666666666666,13.196666666666665,6.463333333333334
2019-05-31 00:00:00+00:00,27.94193548387097,0.0,23.53548387096774,25.451612903225808,20.338709677419356,35.52258064516129,33.52903225806452,1.6129032258064515,132.41935483870967,40.958064516129035,27.06032258064516,49177.125483870965,42798.30096774194,18.751612903225805,0.0,0.0,8.758064516129032,0.0,18.06451612903226,6.490322580645161,31.870967741935484,,,,28.596774193548388,15.345161290322581,132.41935483870967,16.52258064516129,8.570967741935483
2019-06-30 00:00:00+00:00,30.14333333333333,0.02,23.63,30.08,23.206666666666667,36.876666666666665,36.55333333333333,2.7666666666666666,168.5,40.723333333333336,27.716333333333335,50564.69766666667,44951.36,24.83,0.16666666666666666,0.02,8.433,0.0,10.933333333333334,14.32,42.666666666666664,,,,27.009999999999998,14.07,168.5,13.59,7.676666666666667
2019-07-31 00:00:00+00:00,31.345161290322583,0.0,21.751612903225805,32.061290322580646,24.33225806451613,38.21612903225807,38.68387096774194,0.7096774193548387,238.96774193548387,37.73225806451613,28.552258064516128,49919.00580645161,45647.54,26.84193548387097,0.0,0.0,8.311612903225807,0.0,3.2903225806451615,15.13225806451613,42.61290322580645,,,,23.712903225806453,11.648387096774194,238.96774193548387,11.98709677419355,5.516129032258065
2019-08-31 00:00:00+00:00,31.280645161290323,0.0,20.258064516129032,32.18387096774194,24.70967741935484,37.73225806451613,38.26451612903226,0.8709677419354839,232.38709677419354,36.851612903225806,26.56709677419355,47564.02354838709,43351.53419354839,27.48709677419355,0.0,0.0,7.7458064516129035,0.0,3.193548387096774,15.40967741935484,43.935483870967744,,,,22.490322580645163,11.035483870967743,232.38709677419354,10.441935483870967,4.554838709677419
2019-09-30 00:00:00+00:00,28.603333333333335,0.0033333333333333335,21.113333333333333,29.413333333333334,23.06,34.88666666666666,35.513333333333335,2.933333333333333,145.23333333333332,36.1,22.648333333333333,44459.95766666667,40696.25233333334,25.316666666666666,0.03333333333333333,0.0033333333333333335,6.489,0.0,9.0,16.23,51.4,,,,23.706666666666667,12.153333333333334,145.23333333333332,12.196666666666665,6.52
2019-10-31 00:00:00+00:00,25.55806451612903,0.5064516129032258,19.716129032258067,25.883870967741935,20.451612903225808,31.48709677419355,31.125806451612902,11.483870967741936,141.74193548387098,33.88709677419355,17.598387096774193,41209.25,36742.439354838716,21.683870967741935,1.2258064516129032,0.5064516129032258,4.87,0.0,20.322580645161292,15.27741935483871,58.483870967741936,,,,22.106451612903225,11.69032258064516,141.74193548387098,11.46774193548387,5.961290322580646
2019-11-30 00:00:00+00:00,22.07,0.0033333333333333335,18.026666666666664,20.563333333333333,16.65,28.133333333333333,25.833333333333332,3.466666666666667,103.73333333333333,31.703333333333333,14.795333333333334,38371.11166666667,33765.392,15.75,0.03333333333333333,0.0033333333333333335,4.325333333333333,0.0,18.133333333333333,9.353333333333333,49.56666666666667,,,,21.05,11.54,103.73333333333333,11.26,6.263333333333334
2019-12-31 00:00:00+00:00,16.225806451612904,0.2161290322580645,20.05483870967742,13.619354838709677,11.783870967741937,21.148387096774194,17.661290322580644,13.32258064516129,172.90322580645162,35.38709677419355,11.691612903225806,36895.231290322576,31902.15935483871,9.464516129032257,0.4838709677419355,0.2161290322580645,3.0664516129032258,0.0,23.225806451612904,7.22258064516129,57.87096774193548,,,,23.958064516129035,13.535483870967743,172.90322580645162,12.54516129032258,6.987096774193549
2020-01-31 00:00:00+00:00,13.541935483870969,0.36774193548387096,20.141935483870967,10.474193548387097,9.270967741935483,18.270967741935483,14.33548387096774,22.967741935483872,215.80645161290323,35.78064516129032,11.513548387096774,37626.810645161284,30862.954838709677,6.474193548387096,1.2903225806451613,0.36774193548387096,2.7516129032258063,0.0,37.774193548387096,5.093548387096774,59.0,,,,23.603225806451615,13.261290322580646,215.80645161290323,12.935483870967742,7.54516129032258
2020-02-29 00:00:00+00:00,15.244827586206897,0.3206896551724138,18.36551724137931,12.827586206896552,10.686206896551724,20.413793103448278,17.29310344827586,16.137931034482758,220.48275862068965,33.63793103448276,13.948275862068966,40074.88517241379,31180.38275862069,8.5,1.0689655172413792,0.3206896551724138,3.1789655172413793,0.0,34.172413793103445,6.551724137931035,59.44827586206897,,,,21.082758620689653,11.39655172413793,220.48275862068965,8.744827586206897,4.406896551724138
2020-03-31 00:00:00+00:00,18.200000000000003,1.8129032258064517,22.76451612903226,15.658064516129032,12.770967741935483,24.35483870967742,21.616129032258065,17.161290322580644,183.29032258064515,39.65806451612904,19.284193548387094,43248.177741935484,35719.984516129036,10.55483870967742,1.8387096774193548,1.8129032258064517,4.7625806451612895,0.0,32.645161290322584,7.032258064516129,54.12903225806452,,,,26.529032258064515,14.551612903225807,183.29032258064515,13.551612903225807,7.074193548387097
2020-04-30 00:00:00+00:00,21.740000000000002,0.01,22.90666666666667,19.55666666666667,15.553333333333335,28.293333333333333,25.96333333333333,3.8666666666666667,170.63333333333333,39.68,23.500666666666667,46510.56766666667,41546.96433333333,14.543333333333333,0.06666666666666667,0.01,6.241666666666666,0.0,17.7,7.366666666666666,45.53333333333333,,,,25.576666666666664,13.316666666666666,170.63333333333333,12.226666666666667,6.16
2020-05-31 00:00:00+00:00,26.896774193548385,0.0,23.700000000000003,24.903225806451612,19.812903225806455,34.41290322580645,32.55483870967742,1.4193548387096775,160.70967741935485,41.74193548387097,26.936129032258062,49233.049032258066,43384.68580645161,18.73225806451613,0.0,0.0,8.200322580645162,0.0,14.419354838709678,8.51290322580645,37.54838709677419,,,,28.312903225806455,14.97741935483871,160.70967741935485,17.129032258064516,8.903225806451612
2020-06-30 00:00:00+00:00,29.173333333333336,0.0,22.46333333333333,28.27,21.64333333333333,36.49,35.82333333333334,1.1333333333333333,179.2,40.519999999999996,28.765,50574.12466666666,45929.94633333333,22.016666666666666,0.0,0.0,8.439666666666666,0.0,5.633333333333334,11.266666666666667,38.9,,,,26.636666666666667,13.666666666666666,179.2,15.836666666666668,7.496666666666667
2020-07-31 00:00:00+00:00,31.029032258064515,0.0,22.42258064516129,31.64516129032258,23.574193548387097,38.36129032258064,38.900000000000006,1.032258064516129,257.4516129032258,38.512903225806454,28.31483870967742,49878.08129032258,45388.6935483871,25.887096774193548,0.0,0.0,8.223548387096775,0.0,4.935483870967742,15.058064516129033,43.87096774193548,,,,24.406451612903226,12.151612903225805,257.4516129032258,14.345161290322581,6.980645161290322
2020-08-31 00:00:00+00:00,31.293548387096774,0.0,21.693548387096776,32.38709677419355,24.36774193548387,38.23548387096774,38.9483870967742,0.9032258064516129,252.8709677419355,38.061290322580646,26.539354838709677,47493.76483870968,43304.977419354844,27.37741935483871,0.0,0.0,7.723225806451613,0.0,3.193548387096774,16.051612903225806,45.45161290322581,,,,22.69677419354839,11.064516129032258,252.8709677419355,10.903225806451612,4.909677419354838
2020-09-30 00:00:00+00:00,30.476666666666667,0.0,22.133333333333333,31.57,23.976666666666667,37.45333333333333,37.9,0.9666666666666667,74.2,38.47,22.854666666666667,44378.104,40877.19733333333,26.933333333333334,0.0,0.0,7.043333333333334,0.0,4.7,17.44333333333333,51.3,,,,26.413333333333334,14.05,74.2,16.44,8.95
2020-10-31 00:00:00+00:00,26.51290322580645,0.0,20.60967741935484,26.88064516129032,20.94193548387097,32.535483870967745,32.41935483870968,1.6451612903225807,79.06451612903226,35.34838709677419,18.31451612903226,41131.018387096774,37281.52516129032,22.67096774193548,0.0,0.0,5.311290322580645,0.0,14.483870967741936,16.080645161290324,57.25806451612903,,,,25.1,13.612903225806452,79.06451612903226,15.448387096774193,8.55483870967742
2020-11-30 00:00:00+00:00,20.14,0.19666666666666666,16.313333333333333,19.226666666666667,15.776666666666667,24.89333333333333,23.03666666666667,15.533333333333333,210.33333333333334,30.746666666666666,13.151000000000002,38312.047999999995,33040.42933333333,15.506666666666666,0.9,0.19666666666666666,3.231,0.0,29.666666666666668,11.356666666666666,59.6,,,,18.526666666666664,9.683333333333334,210.33333333333334,7.5,3.7266666666666666
2020-12-31 00:00:00+00:00,17.41290322580645,0.07096774193548387,16.393548387096775,15.367741935483872,12.506451612903225,22.883870967741935,20.174193548387095,6.774193548387097,149.0,29.677419354838708,12.04225806451613,36885.609032258064,31410.042258064517,10.63225806451613,0.3225806451612903,0.07096774193548387,3.045483870967742,0.0,26.580645161290324,7.570967741935483,56.774193548387096,,,,19.074193548387097,10.483870967741936,149.0,9.33548387096774,4.848387096774194
2021-01-31 00:00:00+00:00,15.98709677419355,0.0,19.01290322580645,13.441935483870967,11.051612903225807,21.638709677419353,18.16774193548387,1.903225806451613,134.0,34.26451612903226,13.171612903225807,37670.86322580645,32335.08064516129,8.764516129032257,0.0,0.0,3.265806451612903,0.0,24.70967741935484,6.593548387096774,57.32258064516129,,,,22.509677419354837,12.603225806451613,134.0,11.280645161290321,6.548387096774194
2021-02-28 00:00:00+00:00,16.125,0.31428571428571433,17.821428571428573,13.785714285714286,10.896428571428572,21.896428571428572,19.09642857142857,20.142857142857142,146.53571428571428,31.839285714285715,15.129285714285714,40098.602857142854,32720.709285714285,8.864285714285714,1.3214285714285714,0.31428571428571433,3.4235714285714285,0.0,31.392857142857142,6.417857142857143,58.25,,,,20.87857142857143,11.12857142857143,146.53571428571428,10.110714285714286,5.260714285714286
2021-03-31 00:00:00+00:00,18.674193548387095,0.02903225806451613,21.190322580645162,15.838709677419354,12.583870967741936,24.929032258064513,22.006451612903227,8.387096774193548,177.2258064516129,37.193548387096776,19.886451612903226,43221.527096774196,36469.59451612903,10.374193548387098,0.22580645161290322,0.02903225806451613,5.066451612903226,0.0,25.774193548387096,5.164516129032258,46.903225806451616,,,,25.04516129032258,13.348387096774195,177.2258064516129,11.654838709677419,6.151612903225807
2021-04-30 00:00:00+00:00,22.696666666666665,0.0,22.89333333333333,19.73,15.306666666666667,30.493333333333332,27.483333333333334,1.8666666666666667,146.8,39.69666666666667,24.529,46485.812333333335,42092.412000000004,13.016666666666667,0.0,0.0,7.099333333333333,0.0,17.3,5.073333333333333,39.03333333333333,,,,28.313333333333333,15.53,146.8,16.71333333333333,9.516666666666667
2021-05-31 00:00:00+00:00,28.809677419354838,0.0,21.66774193548387,27.01290322580645,20.70967741935484,36.696774193548386,35.20967741935484,1.3225806451612903,145.3548387096774,38.39032258064516,27.589032258064517,49215.691612903225,43745.004516129025,19.848387096774193,0.0,0.0,8.523548387096774,0.0,9.709677419354838,7.964516129032258,33.774193548387096,,,,25.91290322580645,13.567741935483872,145.3548387096774,14.587096774193547,7.638709677419354
2021-06-30 00:00:00+00:00,28.926666666666666,0.0,22.803333333333335,28.266666666666666,21.073333333333334,36.233333333333334,35.87,0.7333333333333333,146.7,39.013333333333335,28.926666666666666,50571.073,46245.451,21.91,0.0,0.0,8.497666666666667,0.0,4.933333333333334,12.24,40.93333333333333,,,,26.523333333333333,13.76,146.7,14.256666666666666,7.5233333333333325
2021-07-31 00:00:00+00:00,31.606451612903225,0.0,22.570967741935487,32.2,24.07741935483871,38.50645161290323,39.377419354838715,0.5161290322580645,273.61290322580646,39.00967741935484,28.61,49892.2564516129,45832.37580645161,26.42258064516129,0.0,0.0,8.415806451612903,0.0,2.5806451612903225,14.758064516129032,41.58064516129032,,,,23.793548387096774,11.651612903225805,273.61290322580646,12.196774193548388,5.758064516129032
2021-08-31 00:00:00+00:00,31.967741935483872,0.0,21.712903225806453,32.62903225806452,24.606451612903225,38.82258064516129,39.519354838709674,0.41935483870967744,214.2258064516129,37.400000000000006,26.750645161290322,47515.75806451613,43359.694516129035,27.270967741935483,0.0,0.0,8.06,0.0,1.6129032258064515,14.83548387096774,41.87096774193548,,,,23.003225806451614,11.345161290322581,214.2258064516129,10.693548387096774,5.190322580645161
2021-09-30 00:00:00+00:00,28.516666666666666,0.0033333333333333335,21.34,28.913333333333334,22.39,34.95,35.086666666666666,2.533333333333333,197.4,37.11333333333334,22.478666666666665,44404.922,40351.957,24.206666666666667,0.03333333333333333,0.0033333333333333335,6.7316666666666665,0.0,7.3,15.516666666666667,49.5,,,,24.45,12.773333333333333,197.4,11.72,6.263333333333334
2021-10-31 00:00:00+00:00,24.948387096774194,0.012903225806451613,20.638709677419353,24.570967741935487,19.338709677419356,31.03548387096774,30.129032258064516,6.580645161290323,111.09677419354838,35.067741935483866,18.044193548387096,41154.7335483871,36514.13806451613,20.154838709677417,0.0967741935483871,0.012903225806451613,5.153870967741936,0.0,25.129032258064516,13.832258064516129,54.16129032258065,,,,23.438709677419357,12.719354838709679,111.09677419354838,12.583870967741936,6.903225806451613
2021-11-30 00:00:00+00:00,21.96333333333333,0.10333333333333333,16.823333333333334,21.279999999999998,16.81,27.83,26.323333333333334,7.7,133.56666666666666,29.39,14.128666666666668,38331.48833333333,33117.15433333333,16.686666666666667,0.3333333333333333,0.10333333333333333,3.664,0.0,30.833333333333332,12.22,58.46666666666667,,,,19.053333333333335,10.563333333333333,133.56666666666666,9.766666666666667,5.013333333333334
2021-12-31 00:00:00+00:00,15.374193548387098,0.4387096774193548,19.11935483870968,12.974193548387097,11.009677419354839,20.348387096774193,17.200000000000003,15.612903225806452,185.5483870967742,32.99032258064516,11.238387096774193,36888.31193548387,29473.66,8.670967741935485,0.967741935483871,0.4387096774193548,2.7087096774193546,0.0,46.483870967741936,7.264516129032257,61.16129032258065,,,,21.24516129032258,12.077419354838709,185.5483870967742,9.983870967741936,5.387096774193548
2022-01-31 00:00:00+00:00,12.390322580645162,0.6000000000000001,17.480645161290322,9.44516129032258,7.774193548387097,17.393548387096775,13.787096774193548,15.580645161290322,197.83870967741936,30.96451612903226,11.970322580645162,37654.99129032258,31494.86741935484,4.790322580645161,1.064516129032258,0.6000000000000001,2.5693548387096774,0.0,28.741935483870968,4.264516129032257,60.67741935483871,,,,20.25483870967742,11.458064516129031,197.83870967741936,9.974193548387097,5.512903225806451
2022-02-28 00:00:00+00:00,14.235714285714286,0.5035714285714286,18.925,11.571428571428571,9.028571428571428,19.74642857142857,16.692857142857143,13.285714285714286,164.89285714285714,33.325,15.130714285714285,40075.29,32467.05214285714,6.507142857142857,0.7857142857142857,0.5035714285714286,3.2082142857142855,0.0,28.321428571428573,5.817857142857143,60.17857142857143,,,,21.349999999999998,11.975,164.89285714285714,10.767857142857142,5.482142857142857
2022-03-31 00:00:00+00:00,15.661290322580646,0.06774193548387097,21.961290322580645,12.37741935483871,9.983870967741936,21.641935483870967,18.08709677419355,7.290322580645161,138.93548387096774,37.66129032258065,19.36935483870968,43193.72870967742,35752.53290322581,7.387096774193548,0.25806451612903225,0.06774193548387097,4.55741935483871,0.0,36.61290322580645,3.429032258064516,48.935483870967744,,,,25.138709677419353,13.887096774193548,138.93548387096774,12.180645161290323,6.274193548387097
2022-04-30 00:00:00+00:00,23.903333333333332,0.14,23.81,20.959999999999997,16.09,31.94,29.016666666666666,4.466666666666667,127.9,39.236666666666665,24.18,46462.28633333334,40522.37866666667,13.993333333333334,0.03333333333333333,0.14,7.210999999999999,0.0,32.86666666666667,5.046666666666667,37.733333333333334,,,,27.866666666666667,15.623333333333333,127.9,16.16,9.133333333333333
2022-05-31 00:00:00+00:00,26.029032258064515,0.0,23.780645161290323,24.006451612903227,18.606451612903225,33.3258064516129,31.570967741935487,1.3870967741935485,136.1290322580645,40.03225806451613,26.52806451612903,49197.79677419355,42053.2235483871,17.664516129032258,0.0,0.0,7.906129032258065,0.0,18.483870967741936,8.35483870967742,38.16129032258065,,,,26.861290322580647,14.625806451612904,136.1290322580645,14.625806451612902,7.6
2022-06-30 00:00:00+00:00,29.69,0.0,22.173333333333336,29.709999999999997,22.396666666666665,36.63,36.809999999999995,0.5,237.2,38.62,28.711333333333336,50568.596666666665,46059.66533333333,23.986666666666668,0.0,0.0,8.232666666666667,0.0,1.9666666666666666,13.673333333333334,43.03333333333333,,,,24.363333333333333,12.43,237.2,11.546666666666665,5.423333333333333
2022-07-31 00:00:00+00:00,30.625806451612902,0.0,22.177419354838708,30.980645161290322,23.08709677419355,37.696774193548386,38.3,0.6451612903225806,274.16129032258067,37.190322580645166,28.74806451612903,49905.404516129034,45627.13225806452,25.067741935483873,0.0,0.0,8.299032258064516,0.0,2.7096774193548385,14.067741935483872,41.903225806451616,,,,22.961290322580645,11.570967741935483,274.16129032258067,11.100000000000001,5.348387096774193
2022-08-31 00:00:00+00:00,30.816129032258065,0.0064516129032258064,22.9,31.835483870967742,24.048387096774192,37.60967741935484,38.68064516129032,3.5806451612903225,188.38709677419354,38.0516129032258,26.27709677419355,47537.37612903226,43319.45193548387,26.596774193548388,0.06451612903225806,0.0064516129032258064,7.743870967741936,0.0,2.6451612903225805,16.551612903225806,47.225806451612904,,,,24.335483870967742,12.600000000000001,188.38709677419354,11.903225806451612,6.238709677419355
2022-09-30 00:00:00+00:00,29.033333333333335,0.0,22.073333333333334,29.69333333333333,22.743333333333332,35.623333333333335,36.21666666666667,1.1,138.2,36.89333333333333,22.75,44430.762,40621.721999999994,24.78666666666667,0.0,0.0,6.819333333333334,0.0,6.6,16.33,50.6,,,,25.07,13.503333333333334,138.2,14.136666666666667,7.666666666666667
2022-10-31 00:00:00+00:00,24.687096774193545,0.24193548387096778,18.783870967741933,24.741935483870968,19.22258064516129,30.358064516129033,29.97741935483871,11.774193548387096,212.19354838709677,31.706451612903226,17.57741935483871,41179.154516129034,36812.85032258065,20.36774193548387,0.5483870967741935,0.24193548387096778,4.787096774193548,0.0,19.129032258064516,14.174193548387096,55.806451612903224,,,,20.10967741935484,10.5,212.19354838709677,9.109677419354838,4.606451612903225
2022-11-30 00:00:00+00:00,20.243333333333332,0.013333333333333332,16.106666666666666,19.033333333333335,14.863333333333333,25.743333333333332,23.746666666666666,5.1,142.73333333333332,28.256666666666668,14.346333333333332,38350.236000000004,33779.134,14.446666666666665,0.13333333333333333,0.013333333333333332,3.5713333333333335,0.0,19.2,10.06,55.63333333333333,,,,17.623333333333335,9.456666666666667,142.73333333333332,7.973333333333333,3.6266666666666665
2022-12-31 00:00:00+00:00,17.43548387096774,0.45483870967741935,16.138709677419357,15.974193548387097,12.764516129032257,23.0,20.638709677419353,12.32258064516129,156.1290322580645,28.26774193548387,12.125806451612902,36890.671290322585,31990.970967741934,11.564516129032258,1.032258064516129,0.45483870967741935,2.7590322580645164,0.0,26.70967741935484,9.570967741935483,63.38709677419355,,,,17.858064516129033,9.980645161290322,156.1290322580645,8.596774193548388,4.270967741935484
2023-01-31 00:00:00+00:00,15.635483870967741,0.17096774193548386,16.516129032258064,13.254838709677419,10.616129032258065,21.135483870967743,18.15806451612903,11.580645161290322,152.03225806451613,30.25483870967742,12.737741935483871,37641.12612903226,32418.429677419354,8.393548387096773,0.5806451612903226,0.17096774193548386,3.0580645161290323,0.0,29.806451612903224,6.65483870967742,59.16129032258065,,,,19.783870967741933,11.235483870967743,152.03225806451613,10.480645161290322,5.622580645161291
2023-02-28 00:00:00+00:00,14.096428571428572,0.03214285714285715,17.860714285714288,11.314285714285715,8.746428571428572,19.54642857142857,16.210714285714285,5.857142857142857,163.82142857142858,32.135714285714286,14.854285714285714,40050.93714285714,32087.028571428575,6.339285714285714,0.14285714285714285,0.03214285714285715,3.233214285714286,0.0,26.5,4.914285714285714,57.67857142857143,,,,20.707142857142856,11.435714285714285,163.82142857142858,10.625,5.321428571428571
2023-03-31 00:00:00+00:00,19.845161290322583,0.20967741935483872,19.983870967741936,17.261290322580646,13.703225806451613,26.10967741935484,23.283870967741933,6.774193548387097,205.06451612903226,35.519354838709674,19.729032258064517,43166.9535483871,36415.53258064516,11.641935483870967,0.41935483870967744,0.20967741935483872,5.1812903225806455,0.0,22.35483870967742,5.145161290322581,44.25806451612903,,,,22.33225806451613,12.067741935483872,205.06451612903226,9.364516129032259,4.638709677419355
2023-04-30 00:00:00+00:00,22.67,0.06333333333333332,21.86,20.136666666666667,15.643333333333334,29.653333333333332,27.293333333333333,5.233333333333333,150.66666666666666,37.56666666666667,23.412333333333333,46437.242333333335,39941.8,13.606666666666666,0.23333333333333334,0.06333333333333332,6.491666666666666,0.0,22.466666666666665,5.8933333333333335,39.63333333333333,,,,25.14333333333333,13.493333333333334,150.66666666666666,13.053333333333335,6.266666666666667
2023-05-31 00:00:00+00:00,25.65806451612903,0.0032258064516129032,24.09032258064516,23.97741935483871,18.596774193548388,32.693548387096776,30.906451612903226,3.6451612903225805,181.06451612903226,41.31290322580645,25.75258064516129,49180.268387096774,41254.92806451613,17.864516129032257,0.03225806451612903,0.0032258064516129032,7.433870967741935,0.0,22.903225806451612,9.503225806451614,41.935483870967744,,,,26.706451612903226,14.27741935483871,181.06451612903226,13.748387096774193,6.319354838709677
2023-06-30 00:00:00+00:00,29.686666666666667,0.01,23.58,29.07,22.363333333333333,36.580000000000005,36.25333333333333,2.966666666666667,213.2,40.24666666666667,27.674666666666667,50565.975666666665,44633.74766666666,23.12,0.03333333333333333,0.01,8.499666666666666,0.0,17.2,12.613333333333333,39.8,,,,26.493333333333332,13.873333333333333,213.2,13.636666666666667,6.653333333333333
2023-07-31 00:00:00+00:00,32.23225806451613,0.0,23.074193548387097,32.516129032258064,24.070967741935487,39.71935483870968,40.2,0.5161290322580645,231.74193548387098,39.38387096774194,28.816129032258065,49917.68032258065,45761.77290322581,26.241935483870968,0.0,0.0,8.830645161290322,0.0,2.4516129032258065,14.196774193548388,39.67741935483871,,,,24.593548387096774,12.545161290322582,231.74193548387098,11.274193548387096,5.551612903225807
2023-08-31 00:00:00+00:00,31.154838709677417,0.0,23.0,31.983870967741936,24.18064516129032,38.277419354838706,39.50645161290323,1.064516129032258,179.06451612903226,38.722580645161294,26.42258064516129,47561.03032258064,43155.07967741935,26.174193548387095,0.0,0.0,8.026774193548388,0.0,5.419354838709677,16.190322580645162,45.32258064516129,,,,25.206451612903226,13.09032258064516,179.06451612903226,12.019354838709678,6.496774193548387
2023-09-30 00:00:00+00:00,30.220000000000002,0.013333333333333334,22.06,30.43,23.426666666666666,36.919999999999995,36.88666666666666,2.7333333333333334,132.7,37.056666666666665,22.59733333333333,44455.789333333334,40156.19933333333,25.07,0.13333333333333333,0.013333333333333334,7.173,0.0,8.1,14.703333333333335,44.4,,,,23.996666666666666,12.676666666666668,132.7,10.06,5.406666666666666
2023-10-31 00:00:00+00:00,26.07741935483871,0.025806451612903226,20.393548387096775,26.519354838709678,20.641935483870967,31.812903225806455,31.55806451612903,7.032258064516129,171.51612903225808,35.20322580645161,17.09161290322581,41205.40258064516,35195.259032258065,22.322580645161292,0.16129032258064516,0.025806451612903226,4.930000000000001,0.0,30.096774193548388,15.583870967741936,55.806451612903224,,,,21.812903225806455,11.54516129032258,171.51612903225808,9.825806451612904,5.199999999999999
2023-11-30 00:00:00+00:00,22.296666666666667,0.07,19.490000000000002,21.456666666666667,17.096666666666668,28.040000000000003,26.086666666666666,9.033333333333333,147.13333333333333,33.29333333333333,13.826333333333334,38367.45,32634.012666666666,17.033333333333335,0.23333333333333334,0.07,3.912,0.0,27.7,12.26,56.766666666666666,,,,21.923333333333336,12.139999999999999,147.13333333333333,10.753333333333334,5.803333333333333
2023-12-31 00:00:00+00:00,17.958064516129035,0.3225806451612903,17.741935483870968,16.483870967741936,13.264516129032257,23.47741935483871,21.309677419354838,10.67741935483871,144.7741935483871,31.151612903225804,11.421290322580646,36894.29290322581,30706.59129032258,11.858064516129033,0.7096774193548387,0.3225806451612903,2.774193548387097,0.0,33.0,10.019354838709678,62.96774193548387,,,,19.616129032258065,11.058064516129033,144.7741935483871,9.574193548387097,5.47741935483871
2024-01-31 00:00:00+00:00,15.55483870967742,0.12903225806451613,16.961290322580645,13.26774193548387,10.641935483870967,21.0258064516129,17.845161290322583,14.838709677419354,227.16129032258064,30.68064516129032,12.736451612903226,37627.921290322585,33098.021290322584,8.561290322580644,0.5806451612903226,0.12903225806451613,2.856129032258065,0.0,24.06451612903226,6.370967741935484,57.774193548387096,,,,18.051612903225806,10.01290322580645,227.16129032258064,7.903225806451613,4.474193548387096
2024-02-29 00:00:00+00:00,16.19655172413793,0.18275862068965518,18.95862068965517,13.66551724137931,10.903448275862068,21.95862068965517,18.599999999999998,11.10344827586207,177.93103448275863,33.62413793103448,15.381379310344828,40077.09275862069,32538.83655172414,8.941379310344828,0.4827586206896552,0.18275862068965518,3.6403448275862065,0.0,29.06896551724138,6.286206896551724,56.55172413793103,,,,21.76206896551724,12.03103448275862,177.93103448275863,10.36896551724138,5.558620689655172
2024-03-31 00:00:00+00:00,19.461290322580645,0.18387096774193548,20.87741935483871,17.038709677419355,13.203225806451613,25.92258064516129,23.393548387096775,11.870967741935484,194.93548387096774,37.480645161290326,20.328387096774197,43251.301612903226,37318.84032258065,11.383870967741935,0.4838709677419355,0.18387096774193548,5.02483870967742,0.0,25.967741935483872,6.096774193548387,47.25806451612903,,,,22.887096774193548,12.248387096774193,194.93548387096774,10.696774193548388,5.506451612903225
2024-04-30 00:00:00+00:00,24.279999999999998,0.030000000000000002,22.743333333333332,22.38,17.2,31.986666666666668,29.81,5.3,174.8,38.55,23.970000000000002,46513.471999999994,41451.83766666667,16.56,0.23333333333333334,0.030000000000000002,6.929333333333333,0.0,22.233333333333334,8.603333333333333,43.93333333333333,,,,25.853333333333335,13.973333333333333,174.8,12.84,7.073333333333333
2024-05-31 00:00:00+00:00,27.351612903225806,0.0,22.68064516129032,25.612903225806452,20.04516129032258,34.54838709677419,32.94193548387097,1.7419354838709677,197.32258064516128,38.92258064516129,26.844193548387096,49236.11258064516,43507.510322580645,19.361290322580647,0.0,0.0,7.986774193548388,0.0,13.741935483870968,8.396774193548387,36.0,,,,24.91290322580645,13.041935483870969,197.32258064516128,10.59032258064516,5.390322580645161
2024-06-30 00:00:00+00:00,32.50333333333334,0.0,24.39333333333333,32.083333333333336,24.033333333333335,40.68666666666666,40.14666666666667,0.4666666666666667,165.33333333333334,41.25,28.929666666666666,50574.89266666667,46286.85333333334,25.470000000000002,0.0,0.0,9.376666666666667,0.0,1.3,12.686666666666667,35.6,,,,25.833333333333332,13.51,165.33333333333334,12.456666666666667,6.236666666666666
2024-07-31 00:00:00+00:00,32.93225806451613,0.0,23.63225806451613,33.75483870967742,25.383870967741935,40.222580645161294,40.79677419354839,0.5161290322580645,271.48387096774195,40.16129032258065,28.503225806451614,49876.71290322581,45639.489354838704,28.05806451612903,0.0,0.0,8.678064516129032,0.0,1.7419354838709677,15.403225806451612,40.32258064516129,,,,23.62258064516129,11.803225806451612,271.48387096774195,9.832258064516129,4.503225806451613
2024-08-31 00:00:00+00:00,32.23548387096774,0.0,22.216129032258067,33.251612903225805,25.02258064516129,39.480645161290326,39.63548387096775,0.6451612903225806,258.7096774193548,37.81290322580645,26.129354838709677,47490.551935483876,42630.71516129032,28.1,0.0,0.0,8.040645161290323,0.0,4.161290322580645,16.07741935483871,43.354838709677416,,,,23.106451612903225,11.67741935483871,258.7096774193548,10.687096774193549,4.990322580645161
2024-09-30 00:00:00+00:00,29.959999999999997,0.0033333333333333335,23.470000000000002,30.64333333333333,23.746666666666666,36.53,36.873333333333335,2.8666666666666667,173.83333333333334,39.68,22.312666666666665,44374.29366666667,40939.464,25.90666666666667,0.03333333333333333,0.0033333333333333335,6.828,0.0,6.866666666666666,15.933333333333334,47.06666666666667,,,,23.44,12.083333333333334,173.83333333333334,9.19,4.406666666666666
2024-10-31 00:00:00+00:00,24.93548387096774,0.0,21.483870967741936,24.42258064516129,19.051612903225806,31.174193548387095,30.11935483870968,0.7096774193548387,66.64516129032258,36.438709677419354,18.342903225806452,41127.28935483871,37659.75290322581,19.806451612903224,0.0,0.0,5.320967741935483,0.0,4.161290322580645,13.412903225806453,52.41935483870968,,,,23.76774193548387,12.883870967741935,66.64516129032258,12.041935483870969,6.729032258064516
2024-11-30 00:00:00+00:00,20.503333333333334,0.04333333333333333,14.646666666666667,19.583333333333332,15.68,25.703333333333333,23.89,5.333333333333333,186.13333333333333,32.0,13.673,38309.05266666667,32499.41433333333,15.353333333333333,0.2,0.04333333333333333,3.289333333333333,0.0,27.7,10.479999999999999,55.56666666666667,,,,19.383333333333333,8.246666666666666,186.13333333333333,7.513333333333334,3.3400000000000003
2024-12-31 00:00:00+00:00,16.716129032258067,0.07419354838709678,12.458064516129031,14.951612903225806,12.158064516129032,21.700000000000003,19.283870967741933,5.387096774193548,151.03225806451613,32.50322580645162,12.470322580645162,36884.87774193548,32552.05677419355,10.66451612903226,0.22580645161290322,0.07419354838709678,2.689032258064516,0.0,30.677419354838708,7.15483870967742,56.0,,,,20.712903225806453,7.858064516129032,151.03225806451613,10.05483870967742,3.635483870967742
2025-01-31 00:00:00+00:00,16.806451612903224,0.03870967741935484,11.667741935483871,15.225806451612904,12.103225806451613,21.9741935483871,19.725806451612904,7.064516129032258,122.09677419354838,30.716129032258067,12.82,37672.06612903226,32649.329999999998,10.961290322580645,0.1935483870967742,0.03870967741935484,2.7183870967741934,0.0,42.29032258064516,7.503225806451613,57.58064516129032,,,,19.33225806451613,7.096774193548387,122.09677419354838,8.59032258064516,3.1645161290322585
2025-02-28 00:00:00+00:00,16.6,0.0,11.3,15.1,11.0,22.2,20.0,3.0,37.0,31.7,14.85,38801.06,35412.05,10.0,0.0,0.0,3.05,0.0,57.0,7.8,59.0,,,,19.1,7.1,37.0,8.3,3.2
